date,fed_funds_rate,cpi,unemployment_rate,yield_curve_spread,vix
2015-01-01,0.11,234.747,5.7,,
2015-01-02,,,,1.46,17.79
2015-01-05,,,,1.36,19.92
2015-01-06,,,,1.32,21.12
2015-01-07,,,,1.34,19.31
2015-01-08,,,,1.41,17.01
2015-01-09,,,,1.39,17.55
2015-01-12,,,,1.36,19.6
2015-01-13,,,,1.37,20.56
2015-01-14,,,,1.35,21.48
2015-01-15,,,,1.33,22.39
2015-01-16,,,,1.34,20.95
2015-01-19,,,,,
2015-01-20,,,,1.29,19.89
2015-01-21,,,,1.34,18.85
2015-01-22,,,,1.37,16.4
2015-01-23,,,,1.29,16.66
2015-01-26,,,,1.29,15.52
2015-01-27,,,,1.29,17.22
2015-01-28,,,,1.23,20.44
2015-01-29,,,,1.26,18.76
2015-01-30,,,,1.21,20.97
2015-02-01,0.11,235.342,5.5,,
2015-02-02,,,,1.19,19.43
2015-02-03,,,,1.27,17.33
2015-02-04,,,,1.29,18.33
2015-02-05,,,,1.31,16.85
2015-02-06,,,,1.3,17.29
2015-02-09,,,,1.31,18.55
2015-02-10,,,,1.34,17.23
2015-02-11,,,,1.33,16.96
2015-02-12,,,,1.38,15.34
2015-02-13,,,,1.36,14.69
2015-02-16,,,,,
2015-02-17,,,,1.44,15.8
2015-02-18,,,,1.45,15.45
2015-02-19,,,,1.44,15.29
2015-02-20,,,,1.46,14.3
2015-02-23,,,,1.42,14.56
2015-02-24,,,,1.39,13.69
2015-02-25,,,,1.35,13.84
2015-02-26,,,,1.37,13.91
2015-02-27,,,,1.37,13.34
2015-03-01,0.11,235.976,5.4,,
2015-03-02,,,,1.42,13.04
2015-03-03,,,,1.44,13.86
2015-03-04,,,,1.46,14.23
2015-03-05,,,,1.46,14.04
2015-03-06,,,,1.51,15.2
2015-03-09,,,,1.5,15.06
2015-03-10,,,,1.44,16.69
2015-03-11,,,,1.41,16.87
2015-03-12,,,,1.43,15.42
2015-03-13,,,,1.45,16.0
2015-03-16,,,,1.44,15.61
2015-03-17,,,,1.36,15.66
2015-03-18,,,,1.36,13.97
2015-03-19,,,,1.35,14.07
2015-03-20,,,,1.33,13.02
2015-03-23,,,,1.32,13.41
2015-03-24,,,,1.3,13.62
2015-03-25,,,,1.34,15.44
2015-03-26,,,,1.4,15.8
2015-03-27,,,,1.37,15.07
2015-03-30,,,,1.38,14.51
2015-03-31,,,,1.38,15.29
2015-04-01,0.12,236.222,5.4,1.32,15.11
2015-04-02,,,,1.37,14.67
2015-04-03,,,,1.36,
2015-04-06,,,,1.41,14.74
2015-04-07,,,,1.37,14.78
2015-04-08,,,,1.38,13.98
2015-04-09,,,,1.41,13.09
2015-04-10,,,,1.39,12.58
2015-04-13,,,,1.4,13.94
2015-04-14,,,,1.37,13.67
2015-04-15,,,,1.4,12.84
2015-04-16,,,,1.4,12.6
2015-04-17,,,,1.36,13.89
2015-04-20,,,,1.35,13.3
2015-04-21,,,,1.37,13.25
2015-04-22,,,,1.42,12.71
2015-04-23,,,,1.41,12.48
2015-04-24,,,,1.39,12.29
2015-04-27,,,,1.4,13.12
2015-04-28,,,,1.44,12.41
2015-04-29,,,,1.5,13.39
2015-04-30,,,,1.47,14.55
2015-05-01,0.12,237.001,5.6,1.52,12.7
2015-05-04,,,,1.56,12.85
2015-05-05,,,,1.57,14.31
2015-05-06,,,,1.6,15.15
2015-05-07,,,,1.55,15.13
2015-05-08,,,,1.57,12.86
2015-05-11,,,,1.66,13.85
2015-05-12,,,,1.67,13.86
2015-05-13,,,,1.68,13.76
2015-05-14,,,,1.67,12.74
2015-05-15,,,,1.59,12.38
2015-05-18,,,,1.65,12.73
2015-05-19,,,,1.64,12.85
2015-05-20,,,,1.66,12.88
2015-05-21,,,,1.59,12.11
2015-05-22,,,,1.57,12.13
2015-05-25,,,,,
2015-05-26,,,,1.5,14.06
2015-05-27,,,,1.5,13.27
2015-05-28,,,,1.51,13.31
2015-05-29,,,,1.51,13.84
2015-06-01,0.13,237.657,5.3,1.55,13.97
2015-06-02,,,,1.63,14.24
2015-06-03,,,,1.69,13.66
2015-06-04,,,,1.65,14.71
2015-06-05,,,,1.68,14.21
2015-06-08,,,,1.69,15.29
2015-06-09,,,,1.7,14.47
2015-06-10,,,,1.75,13.22
2015-06-11,,,,1.66,12.85
2015-06-12,,,,1.65,13.78
2015-06-15,,,,1.64,15.39
2015-06-16,,,,1.61,14.81
2015-06-17,,,,1.65,14.5
2015-06-18,,,,1.69,13.19
2015-06-19,,,,1.61,13.96
2015-06-22,,,,1.69,12.74
2015-06-23,,,,1.72,12.11
2015-06-24,,,,1.7,13.26
2015-06-25,,,,1.72,14.01
2015-06-26,,,,1.77,14.02
2015-06-29,,,,1.69,18.85
2015-06-30,,,,1.71,18.23
2015-07-01,0.13,238.034,5.2,1.74,16.09
2015-07-02,,,,1.76,16.79
2015-07-03,,,,,
2015-07-06,,,,1.7,17.01
2015-07-07,,,,1.69,16.09
2015-07-08,,,,1.67,19.66
2015-07-09,,,,1.72,19.97
2015-07-10,,,,1.77,16.83
2015-07-13,,,,1.75,13.9
2015-07-14,,,,1.75,13.37
2015-07-15,,,,1.72,13.23
2015-07-16,,,,1.69,12.11
2015-07-17,,,,1.66,11.95
2015-07-20,,,,1.67,12.25
2015-07-21,,,,1.64,12.22
2015-07-22,,,,1.58,12.12
2015-07-23,,,,1.57,12.64
2015-07-24,,,,1.57,13.74
2015-07-27,,,,1.55,15.6
2015-07-28,,,,1.57,13.44
2015-07-29,,,,1.59,12.5
2015-07-30,,,,1.56,12.13
2015-07-31,,,,1.53,12.12
2015-08-01,0.14,238.033,5.1,,
2015-08-03,,,,1.48,12.56
2015-08-04,,,,1.49,13.0
2015-08-05,,,,1.55,12.51
2015-08-06,,,,1.52,13.77
2015-08-07,,,,1.45,13.39
2015-08-10,,,,1.51,12.23
2015-08-11,,,,1.47,13.71
2015-08-12,,,,1.47,13.61
2015-08-13,,,,1.47,13.49
2015-08-14,,,,1.47,12.83
2015-08-17,,,,1.44,13.02
2015-08-18,,,,1.46,13.79
2015-08-19,,,,1.45,15.25
2015-08-20,,,,1.4,19.14
2015-08-21,,,,1.41,28.03
2015-08-24,,,,1.42,40.74
2015-08-25,,,,1.45,36.02
2015-08-26,,,,1.51,30.32
2015-08-27,,,,1.5,26.1
2015-08-28,,,,1.47,26.05
2015-08-31,,,,1.47,28.43
2015-09-01,0.14,237.498,5.0,1.47,31.4
2015-09-02,,,,1.48,26.09
2015-09-03,,,,1.47,25.61
2015-09-04,,,,1.42,27.8
2015-09-07,,,,,
2015-09-08,,,,1.46,24.9
2015-09-09,,,,1.46,26.23
2015-09-10,,,,1.48,24.37
2015-09-11,,,,1.49,23.2
2015-09-14,,,,1.45,24.25
2015-09-15,,,,1.46,22.54
2015-09-16,,,,1.48,21.35
2015-09-17,,,,1.51,21.14
2015-09-18,,,,1.44,22.28
2015-09-21,,,,1.48,20.14
2015-09-22,,,,1.45,22.44
2015-09-23,,,,1.46,22.13
2015-09-24,,,,1.46,23.47
2015-09-25,,,,1.47,23.62
2015-09-28,,,,1.43,27.63
2015-09-29,,,,1.41,26.83
2015-09-30,,,,1.42,24.5
2015-10-01,0.12,237.733,5.0,1.41,22.55
2015-10-02,,,,1.41,20.94
2015-10-05,,,,1.46,19.54
2015-10-06,,,,1.44,19.4
2015-10-07,,,,1.43,18.4
2015-10-08,,,,1.47,17.42
2015-10-09,,,,1.47,17.08
2015-10-12,,,,,16.17
2015-10-13,,,,1.42,17.67
2015-10-14,,,,1.42,18.03
2015-10-15,,,,1.43,16.05
2015-10-16,,,,1.43,15.05
2015-10-19,,,,1.43,14.98
2015-10-20,,,,1.42,15.75
2015-10-21,,,,1.4,16.7
2015-10-22,,,,1.43,14.45
2015-10-23,,,,1.43,14.46
2015-10-26,,,,1.41,15.29
2015-10-27,,,,1.4,15.43
2015-10-28,,,,1.37,14.33
2015-10-29,,,,1.44,14.61
2015-10-30,,,,1.41,15.07
2015-11-01,0.12,238.017,5.1,,
2015-11-02,,,,1.43,14.15
2015-11-03,,,,1.43,14.54
2015-11-04,,,,1.41,15.51
2015-11-05,,,,1.41,15.05
2015-11-06,,,,1.44,14.33
2015-11-09,,,,1.47,16.52
2015-11-10,,,,1.45,15.29
2015-11-11,,,,,16.06
2015-11-12,,,,1.43,18.37
2015-11-13,,,,1.42,20.08
2015-11-16,,,,1.39,18.16
2015-11-17,,,,1.39,18.84
2015-11-18,,,,1.37,16.85
2015-11-19,,,,1.33,16.99
2015-11-20,,,,1.33,15.47
2015-11-23,,,,1.31,15.62
2015-11-24,,,,1.31,15.93
2015-11-25,,,,1.3,15.19
2015-11-26,,,,,
2015-11-27,,,,1.3,15.12
2015-11-30,,,,1.27,16.13
2015-12-01,0.24,237.761,5.0,1.24,14.67
2015-12-02,,,,1.24,15.91
2015-12-03,,,,1.37,18.11
2015-12-04,,,,1.32,14.81
2015-12-07,,,,1.29,15.84
2015-12-08,,,,1.3,17.6
2015-12-09,,,,1.29,19.61
2015-12-10,,,,1.29,19.34
2015-12-11,,,,1.25,24.39
2015-12-14,,,,1.26,22.73
2015-12-15,,,,1.3,20.95
2015-12-16,,,,1.28,17.86
2015-12-17,,,,1.24,18.94
2015-12-18,,,,1.22,20.7
2015-12-21,,,,1.24,18.7
2015-12-22,,,,1.25,16.6
2015-12-23,,,,1.26,15.57
2015-12-24,,,,1.22,15.74
2015-12-25,,,,,
2015-12-28,,,,1.19,16.91
2015-12-29,,,,1.23,16.08
2015-12-30,,,,1.23,17.29
2015-12-31,,,,1.21,18.21
2016-01-01,0.34,237.652,4.8,,
2016-01-04,,,,1.22,20.7
2016-01-05,,,,1.21,19.34
2016-01-06,,,,1.19,20.59
2016-01-07,,,,1.2,24.99
2016-01-08,,,,1.19,27.01
2016-01-11,,,,1.23,24.3
2016-01-12,,,,1.19,22.47
2016-01-13,,,,1.17,25.22
2016-01-14,,,,1.2,23.95
2016-01-15,,,,1.18,27.02
2016-01-18,,,,,
2016-01-19,,,,1.18,26.05
2016-01-20,,,,1.16,27.59
2016-01-21,,,,1.18,26.69
2016-01-22,,,,1.19,22.34
2016-01-25,,,,1.15,24.15
2016-01-26,,,,1.16,22.5
2016-01-27,,,,1.18,23.11
2016-01-28,,,,1.17,22.42
2016-01-29,,,,1.18,20.2
2016-02-01,0.38,237.336,4.9,1.16,19.98
2016-02-02,,,,1.12,21.98
2016-02-03,,,,1.16,21.65
2016-02-04,,,,1.17,21.84
2016-02-05,,,,1.12,23.38
2016-02-08,,,,1.09,26.0
2016-02-09,,,,1.05,26.54
2016-02-10,,,,1.0,26.29
2016-02-11,,,,0.99,28.14
2016-02-12,,,,1.03,25.4
2016-02-15,,,,,
2016-02-16,,,,1.04,24.11
2016-02-17,,,,1.07,22.31
2016-02-18,,,,1.04,21.64
2016-02-19,,,,1.0,20.53
2016-02-22,,,,0.99,19.38
2016-02-23,,,,0.98,20.98
2016-02-24,,,,1.0,20.72
2016-02-25,,,,0.99,19.11
2016-02-26,,,,0.96,19.81
2016-02-29,,,,0.96,20.55
2016-03-01,0.36,238.08,5.0,0.98,17.7
2016-03-02,,,,0.99,17.09
2016-03-03,,,,0.98,16.7
2016-03-04,,,,1.0,16.86
2016-03-07,,,,1.0,17.35
2016-03-08,,,,0.95,18.67
2016-03-09,,,,1.0,18.34
2016-03-10,,,,1.0,18.05
2016-03-11,,,,1.01,16.5
2016-03-14,,,,1.0,16.92
2016-03-15,,,,0.99,16.84
2016-03-16,,,,1.07,14.99
2016-03-17,,,,1.04,14.44
2016-03-18,,,,1.04,14.02
2016-03-21,,,,1.05,13.79
2016-03-22,,,,1.03,14.17
2016-03-23,,,,1.01,14.94
2016-03-24,,,,1.02,14.74
2016-03-25,,,,,
2016-03-28,,,,1.0,15.24
2016-03-29,,,,1.03,13.82
2016-03-30,,,,1.07,13.56
2016-03-31,,,,1.05,13.95
2016-04-01,0.37,238.992,5.1,1.03,13.1
2016-04-04,,,,1.03,14.12
2016-04-05,,,,1.01,15.42
2016-04-06,,,,1.03,14.09
2016-04-07,,,,1.0,16.16
2016-04-08,,,,1.02,15.36
2016-04-11,,,,1.03,16.26
2016-04-12,,,,1.05,14.85
2016-04-13,,,,1.02,13.84
2016-04-14,,,,1.03,13.72
2016-04-15,,,,1.02,13.62
2016-04-18,,,,1.03,13.35
2016-04-19,,,,1.02,13.24
2016-04-20,,,,1.05,13.28
2016-04-21,,,,1.06,13.95
2016-04-22,,,,1.05,13.22
2016-04-25,,,,1.06,14.08
2016-04-26,,,,1.08,13.96
2016-04-27,,,,1.04,13.77
2016-04-28,,,,1.06,15.22
2016-04-29,,,,1.06,15.7
2016-05-01,0.37,239.557,4.8,,
2016-05-02,,,,1.08,14.68
2016-05-03,,,,1.06,15.6
2016-05-04,,,,1.04,16.05
2016-05-05,,,,1.04,15.91
2016-05-06,,,,1.05,14.72
2016-05-09,,,,1.05,14.57
2016-05-10,,,,1.05,13.63
2016-05-11,,,,0.99,14.69
2016-05-12,,,,0.99,14.41
2016-05-13,,,,0.95,15.04
2016-05-16,,,,0.96,14.68
2016-05-17,,,,0.94,15.57
2016-05-18,,,,0.97,15.95
2016-05-19,,,,0.96,16.33
2016-05-20,,,,0.96,15.2
2016-05-23,,,,0.93,15.82
2016-05-24,,,,0.94,14.42
2016-05-25,,,,0.95,13.9
2016-05-26,,,,0.96,13.43
2016-05-27,,,,0.95,13.12
2016-05-30,,,,,
2016-05-31,,,,0.97,14.19
2016-06-01,0.38,240.222,4.9,0.94,14.2
2016-06-02,,,,0.92,13.63
2016-06-03,,,,0.93,13.47
2016-06-06,,,,0.93,13.65
2016-06-07,,,,0.94,14.05
2016-06-08,,,,0.93,14.08
2016-06-09,,,,0.91,14.64
2016-06-10,,,,0.91,17.03
2016-06-13,,,,0.89,20.97
2016-06-14,,,,0.88,20.5
2016-06-15,,,,0.91,20.14
2016-06-16,,,,0.87,19.37
2016-06-17,,,,0.92,19.41
2016-06-20,,,,0.93,18.37
2016-06-21,,,,0.95,18.48
2016-06-22,,,,0.94,21.17
2016-06-23,,,,0.96,17.25
2016-06-24,,,,0.93,25.76
2016-06-27,,,,0.85,23.85
2016-06-28,,,,0.85,18.75
2016-06-29,,,,0.88,16.64
2016-06-30,,,,0.91,15.63
2016-07-01,0.39,240.101,4.8,0.87,14.77
2016-07-04,,,,,
2016-07-05,,,,0.81,15.58
2016-07-06,,,,0.8,14.96
2016-07-07,,,,0.82,14.76
2016-07-08,,,,0.76,13.2
2016-07-11,,,,0.77,13.54
2016-07-12,,,,0.84,13.55
2016-07-13,,,,0.8,13.04
2016-07-14,,,,0.85,12.82
2016-07-15,,,,0.89,12.67
2016-07-18,,,,0.91,12.44
2016-07-19,,,,0.86,11.97
2016-07-20,,,,0.86,11.77
2016-07-21,,,,0.87,12.74
2016-07-22,,,,0.86,12.02
2016-07-25,,,,0.86,12.87
2016-07-26,,,,0.82,13.05
2016-07-27,,,,0.79,12.83
2016-07-28,,,,0.8,12.72
2016-07-29,,,,0.79,11.87
2016-08-01,0.4,240.545,4.9,0.84,12.44
2016-08-02,,,,0.88,13.37
2016-08-03,,,,0.88,12.86
2016-08-04,,,,0.87,12.42
2016-08-05,,,,0.87,11.39
2016-08-08,,,,0.85,11.5
2016-08-09,,,,0.84,11.66
2016-08-10,,,,0.81,12.05
2016-08-11,,,,0.81,11.68
2016-08-12,,,,0.8,11.55
2016-08-15,,,,0.83,11.81
2016-08-16,,,,0.81,12.64
2016-08-17,,,,0.82,12.19
2016-08-18,,,,0.82,11.43
2016-08-19,,,,0.82,11.34
2016-08-22,,,,0.79,12.27
2016-08-23,,,,0.81,12.38
2016-08-24,,,,0.8,13.45
2016-08-25,,,,0.8,13.63
2016-08-26,,,,0.78,13.65
2016-08-29,,,,0.76,12.94
2016-08-30,,,,0.77,13.12
2016-08-31,,,,0.78,13.42
2016-09-01,0.4,241.176,5.0,0.79,13.48
2016-09-02,,,,0.8,11.98
2016-09-05,,,,,
2016-09-06,,,,0.81,12.02
2016-09-07,,,,0.8,11.94
2016-09-08,,,,0.83,12.51
2016-09-09,,,,0.88,17.5
2016-09-12,,,,0.89,15.16
2016-09-13,,,,0.93,17.85
2016-09-14,,,,0.93,18.14
2016-09-15,,,,0.97,16.3
2016-09-16,,,,0.93,15.37
2016-09-19,,,,0.91,15.53
2016-09-20,,,,0.9,15.92
2016-09-21,,,,0.87,13.3
2016-09-22,,,,0.84,12.02
2016-09-23,,,,0.85,12.29
2016-09-26,,,,0.83,14.5
2016-09-27,,,,0.81,13.1
2016-09-28,,,,0.82,12.39
2016-09-29,,,,0.83,14.02
2016-09-30,,,,0.83,13.29
2016-10-01,0.4,241.741,4.9,,
2016-10-03,,,,0.83,13.57
2016-10-04,,,,0.87,13.63
2016-10-05,,,,0.87,12.99
2016-10-06,,,,0.89,12.84
2016-10-07,,,,0.9,13.48
2016-10-10,,,,,13.38
2016-10-11,,,,0.9,15.36
2016-10-12,,,,0.92,15.91
2016-10-13,,,,0.9,16.69
2016-10-14,,,,0.96,16.12
2016-10-17,,,,0.96,16.21
2016-10-18,,,,0.93,15.28
2016-10-19,,,,0.95,14.41
2016-10-20,,,,0.92,13.75
2016-10-21,,,,0.9,13.34
2016-10-24,,,,0.93,13.02
2016-10-25,,,,0.91,13.46
2016-10-26,,,,0.93,14.24
2016-10-27,,,,0.98,15.36
2016-10-28,,,,1.0,16.19
2016-10-31,,,,0.98,17.06
2016-11-01,0.41,242.026,4.7,1.0,18.56
2016-11-02,,,,1.0,19.32
2016-11-03,,,,1.01,22.08
2016-11-04,,,,0.99,22.51
2016-11-07,,,,1.01,18.71
2016-11-08,,,,1.01,18.74
2016-11-09,,,,1.17,14.38
2016-11-10,,,,1.23,14.74
2016-11-11,,,,,14.17
2016-11-14,,,,1.23,14.48
2016-11-15,,,,1.21,13.37
2016-11-16,,,,1.22,13.72
2016-11-17,,,,1.25,13.35
2016-11-18,,,,1.27,12.85
2016-11-21,,,,1.25,12.42
2016-11-22,,,,1.24,12.41
2016-11-23,,,,1.24,12.43
2016-11-24,,,,,
2016-11-25,,,,1.24,12.34
2016-11-28,,,,1.21,13.15
2016-11-29,,,,1.21,12.9
2016-11-30,,,,1.26,13.33
2016-12-01,0.54,242.637,4.7,1.31,14.07
2016-12-02,,,,1.29,14.12
2016-12-05,,,,1.26,12.14
2016-12-06,,,,1.27,11.79
2016-12-07,,,,1.24,12.22
2016-12-08,,,,1.28,12.64
2016-12-09,,,,1.32,11.75
2016-12-12,,,,1.34,12.64
2016-12-13,,,,1.31,12.72
2016-12-14,,,,1.27,13.19
2016-12-15,,,,1.31,12.79
2016-12-16,,,,1.32,12.2
2016-12-19,,,,1.3,11.71
2016-12-20,,,,1.32,11.45
2016-12-21,,,,1.34,11.27
2016-12-22,,,,1.33,11.43
2016-12-23,,,,1.33,11.44
2016-12-26,,,,,
2016-12-27,,,,1.29,11.99
2016-12-28,,,,1.25,12.95
2016-12-29,,,,1.27,13.37
2016-12-30,,,,1.25,14.04
2017-01-01,0.65,243.618,4.7,,
2017-01-02,,,,,
2017-01-03,,,,1.23,12.85
2017-01-04,,,,1.22,11.85
2017-01-05,,,,1.2,11.67
2017-01-06,,,,1.2,11.32
2017-01-09,,,,1.17,11.56
2017-01-10,,,,1.19,11.49
2017-01-11,,,,1.18,11.26
2017-01-12,,,,1.18,11.54
2017-01-13,,,,1.19,11.23
2017-01-16,,,,,
2017-01-17,,,,1.16,11.87
2017-01-18,,,,1.19,12.48
2017-01-19,,,,1.22,12.78
2017-01-20,,,,1.28,11.54
2017-01-23,,,,1.25,11.77
2017-01-24,,,,1.26,11.07
2017-01-25,,,,1.3,10.81
2017-01-26,,,,1.3,10.63
2017-01-27,,,,1.27,10.58
2017-01-30,,,,1.27,11.88
2017-01-31,,,,1.26,11.99
2017-02-01,0.66,244.006,4.6,1.26,11.81
2017-02-02,,,,1.27,11.93
2017-02-03,,,,1.28,10.97
2017-02-06,,,,1.26,11.37
2017-02-07,,,,1.24,11.29
2017-02-08,,,,1.19,11.45
2017-02-09,,,,1.2,10.88
2017-02-10,,,,1.21,10.85
2017-02-13,,,,1.23,11.07
2017-02-14,,,,1.22,10.74
2017-02-15,,,,1.24,11.97
2017-02-16,,,,1.23,11.76
2017-02-17,,,,1.21,11.49
2017-02-20,,,,,
2017-02-21,,,,1.21,11.57
2017-02-22,,,,1.2,11.74
2017-02-23,,,,1.2,11.71
2017-02-24,,,,1.19,11.47
2017-02-27,,,,1.16,12.09
2017-02-28,,,,1.14,12.92
2017-03-01,0.79,243.892,4.4,1.17,12.54
2017-03-02,,,,1.17,11.81
2017-03-03,,,,1.17,10.96
2017-03-06,,,,1.18,11.24
2017-03-07,,,,1.2,11.45
2017-03-08,,,,1.21,11.86
2017-03-09,,,,1.23,12.3
2017-03-10,,,,1.22,11.66
2017-03-13,,,,1.22,11.35
2017-03-14,,,,1.2,12.3
2017-03-15,,,,1.18,11.63
2017-03-16,,,,1.18,11.21
2017-03-17,,,,1.17,11.28
2017-03-20,,,,1.17,11.34
2017-03-21,,,,1.16,12.47
2017-03-22,,,,1.13,12.81
2017-03-23,,,,1.15,13.12
2017-03-24,,,,1.14,12.96
2017-03-27,,,,1.11,12.5
2017-03-28,,,,1.12,11.53
2017-03-29,,,,1.13,11.42
2017-03-30,,,,1.14,11.54
2017-03-31,,,,1.13,12.37
2017-04-01,0.9,244.193,4.4,,
2017-04-03,,,,1.11,12.38
2017-04-04,,,,1.11,11.79
2017-04-05,,,,1.1,12.89
2017-04-06,,,,1.1,12.39
2017-04-07,,,,1.09,12.87
2017-04-10,,,,1.08,14.05
2017-04-11,,,,1.08,15.07
2017-04-12,,,,1.04,15.77
2017-04-13,,,,1.03,15.96
2017-04-14,,,,,
2017-04-17,,,,1.05,14.66
2017-04-18,,,,1.0,14.42
2017-04-19,,,,1.02,14.93
2017-04-20,,,,1.03,14.15
2017-04-21,,,,1.04,14.63
2017-04-24,,,,1.03,10.84
2017-04-25,,,,1.06,10.76
2017-04-26,,,,1.04,10.85
2017-04-27,,,,1.05,10.36
2017-04-28,,,,1.01,10.82
2017-05-01,0.91,244.004,4.4,1.05,10.11
2017-05-02,,,,1.02,10.59
2017-05-03,,,,1.03,10.68
2017-05-04,,,,1.04,10.46
2017-05-05,,,,1.04,10.57
2017-05-08,,,,1.06,9.77
2017-05-09,,,,1.05,9.96
2017-05-10,,,,1.06,10.21
2017-05-11,,,,1.04,10.6
2017-05-12,,,,1.04,10.4
2017-05-15,,,,1.03,10.42
2017-05-16,,,,1.04,10.65
2017-05-17,,,,0.96,15.59
2017-05-18,,,,0.96,14.66
2017-05-19,,,,0.95,12.04
2017-05-22,,,,0.96,10.93
2017-05-23,,,,0.98,10.72
2017-05-24,,,,0.97,10.02
2017-05-25,,,,0.95,9.99
2017-05-26,,,,0.95,9.81
2017-05-29,,,,,
2017-05-30,,,,0.93,10.38
2017-05-31,,,,0.93,10.41
2017-06-01,1.04,244.163,4.3,0.93,9.89
2017-06-02,,,,0.87,9.75
2017-06-05,,,,0.86,10.07
2017-06-06,,,,0.84,10.45
2017-06-07,,,,0.86,10.39
2017-06-08,,,,0.86,10.16
2017-06-09,,,,0.86,10.7
2017-06-12,,,,0.86,11.46
2017-06-13,,,,0.83,10.42
2017-06-14,,,,0.8,10.64
2017-06-15,,,,0.81,10.9
2017-06-16,,,,0.84,10.38
2017-06-19,,,,0.83,10.37
2017-06-20,,,,0.8,10.86
2017-06-21,,,,0.8,10.75
2017-06-22,,,,0.81,10.48
2017-06-23,,,,0.81,10.02
2017-06-26,,,,0.78,9.9
2017-06-27,,,,0.83,11.06
2017-06-28,,,,0.88,10.03
2017-06-29,,,,0.89,11.44
2017-06-30,,,,0.93,11.18
2017-07-01,1.15,244.243,4.3,,
2017-07-03,,,,0.94,11.22
2017-07-04,,,,,
2017-07-05,,,,0.92,11.07
2017-07-06,,,,0.97,12.54
2017-07-07,,,,0.99,11.19
2017-07-10,,,,0.98,11.11
2017-07-11,,,,1.0,10.89
2017-07-12,,,,0.98,10.3
2017-07-13,,,,0.98,9.9
2017-07-14,,,,0.98,9.51
2017-07-17,,,,0.95,9.82
2017-07-18,,,,0.91,9.89
2017-07-19,,,,0.9,9.79
2017-07-20,,,,0.9,9.58
2017-07-21,,,,0.88,9.36
2017-07-24,,,,0.89,9.43
2017-07-25,,,,0.93,9.43
2017-07-26,,,,0.93,9.6
2017-07-27,,,,0.96,10.11
2017-07-28,,,,0.96,10.29
2017-07-31,,,,0.96,10.26
2017-08-01,1.16,245.183,4.4,0.92,10.09
2017-08-02,,,,0.91,10.28
2017-08-03,,,,0.9,10.44
2017-08-04,,,,0.91,10.03
2017-08-07,,,,0.9,9.93
2017-08-08,,,,0.93,10.96
2017-08-09,,,,0.91,11.11
2017-08-10,,,,0.87,16.04
2017-08-11,,,,0.89,15.51
2017-08-14,,,,0.89,12.33
2017-08-15,,,,0.92,12.04
2017-08-16,,,,0.9,11.74
2017-08-17,,,,0.87,15.55
2017-08-18,,,,0.86,14.26
2017-08-21,,,,0.86,13.19
2017-08-22,,,,0.89,11.35
2017-08-23,,,,0.85,12.25
2017-08-24,,,,0.86,12.23
2017-08-25,,,,0.82,11.28
2017-08-28,,,,0.83,11.32
2017-08-29,,,,0.8,11.7
2017-08-30,,,,0.82,11.22
2017-08-31,,,,0.79,10.59
2017-09-01,1.15,246.435,4.3,0.81,10.13
2017-09-04,,,,,
2017-09-05,,,,0.77,12.23
2017-09-06,,,,0.8,11.63
2017-09-07,,,,0.78,11.55
2017-09-08,,,,0.79,12.12
2017-09-11,,,,0.82,10.73
2017-09-12,,,,0.84,10.58
2017-09-13,,,,0.85,10.5
2017-09-14,,,,0.83,10.44
2017-09-15,,,,0.81,10.17
2017-09-18,,,,0.83,10.15
2017-09-19,,,,0.84,10.18
2017-09-20,,,,0.83,9.78
2017-09-21,,,,0.82,9.67
2017-09-22,,,,0.8,9.59
2017-09-25,,,,0.78,10.21
2017-09-26,,,,0.79,10.17
2017-09-27,,,,0.84,9.87
2017-09-28,,,,0.86,9.55
2017-09-29,,,,0.86,9.51
2017-10-01,1.15,246.626,4.2,,
2017-10-02,,,,0.85,9.45
2017-10-03,,,,0.86,9.51
2017-10-04,,,,0.86,9.63
2017-10-05,,,,0.86,9.19
2017-10-06,,,,0.83,9.65
2017-10-09,,,,,10.33
2017-10-10,,,,0.84,10.08
2017-10-11,,,,0.84,9.85
2017-10-12,,,,0.82,9.91
2017-10-13,,,,0.77,9.61
2017-10-16,,,,0.76,9.91
2017-10-17,,,,0.76,10.31
2017-10-18,,,,0.75,10.07
2017-10-19,,,,0.75,10.05
2017-10-20,,,,0.79,9.97
2017-10-23,,,,0.8,11.07
2017-10-24,,,,0.82,11.16
2017-10-25,,,,0.83,11.23
2017-10-26,,,,0.83,11.3
2017-10-27,,,,0.83,9.8
2017-10-30,,,,0.79,10.5
2017-10-31,,,,0.78,10.18
2017-11-01,1.16,247.284,4.2,0.76,10.2
2017-11-02,,,,0.74,9.93
2017-11-03,,,,0.71,9.14
2017-11-06,,,,0.71,9.4
2017-11-07,,,,0.69,9.89
2017-11-08,,,,0.67,9.78
2017-11-09,,,,0.7,10.5
2017-11-10,,,,0.73,11.29
2017-11-13,,,,0.7,11.5
2017-11-14,,,,0.7,11.59
2017-11-15,,,,0.65,13.13
2017-11-16,,,,0.65,11.76
2017-11-17,,,,0.62,11.43
2017-11-20,,,,0.6,10.65
2017-11-21,,,,0.59,9.73
2017-11-22,,,,0.58,9.88
2017-11-23,,,,,
2017-11-24,,,,0.59,9.67
2017-11-27,,,,0.58,9.87
2017-11-28,,,,0.59,10.03
2017-11-29,,,,0.59,10.7
2017-11-30,,,,0.64,11.28
2017-12-01,1.3,247.805,4.1,0.59,11.43
2017-12-04,,,,0.57,11.68
2017-12-05,,,,0.53,11.33
2017-12-06,,,,0.55,11.02
2017-12-07,,,,0.57,10.16
2017-12-08,,,,0.58,9.58
2017-12-11,,,,0.57,9.34
2017-12-12,,,,0.57,9.92
2017-12-13,,,,0.57,10.18
2017-12-14,,,,0.53,10.49
2017-12-15,,,,0.51,9.42
2017-12-18,,,,0.55,9.53
2017-12-19,,,,0.59,10.03
2017-12-20,,,,0.62,9.72
2017-12-21,,,,0.59,9.62
2017-12-22,,,,0.57,9.9
2017-12-25,,,,,
2017-12-26,,,,0.55,10.25
2017-12-27,,,,0.53,10.47
2017-12-28,,,,0.52,10.18
2017-12-29,,,,0.51,11.04
2018-01-01,1.41,248.859,4.0,,
2018-01-02,,,,0.54,9.77
2018-01-03,,,,0.5,9.15
2018-01-04,,,,0.5,9.22
2018-01-05,,,,0.51,9.22
2018-01-08,,,,0.53,9.52
2018-01-09,,,,0.57,10.08
2018-01-10,,,,0.57,9.82
2018-01-11,,,,0.56,9.88
2018-01-12,,,,0.56,10.16
2018-01-15,,,,,
2018-01-16,,,,0.51,11.66
2018-01-17,,,,0.52,11.91
2018-01-18,,,,0.57,12.22
2018-01-19,,,,0.58,11.27
2018-01-22,,,,0.58,11.03
2018-01-23,,,,0.57,11.1
2018-01-24,,,,0.57,11.47
2018-01-25,,,,0.55,11.58
2018-01-26,,,,0.53,11.08
2018-01-29,,,,0.59,13.84
2018-01-30,,,,0.6,14.79
2018-01-31,,,,0.58,13.54
2018-02-01,1.42,249.529,4.1,0.62,13.47
2018-02-02,,,,0.69,17.31
2018-02-05,,,,0.69,37.32
2018-02-06,,,,0.69,29.98
2018-02-07,,,,0.69,27.73
2018-02-08,,,,0.72,33.46
2018-02-09,,,,0.78,29.06
2018-02-12,,,,0.77,25.61
2018-02-13,,,,0.73,24.97
2018-02-14,,,,0.74,19.26
2018-02-15,,,,0.71,19.13
2018-02-16,,,,0.66,19.46
2018-02-19,,,,,
2018-02-20,,,,0.63,20.6
2018-02-21,,,,0.68,20.02
2018-02-22,,,,0.67,18.72
2018-02-23,,,,0.63,16.49
2018-02-26,,,,0.64,15.8
2018-02-27,,,,0.63,18.59
2018-02-28,,,,0.62,19.85
2018-03-01,1.51,249.577,4.0,0.59,22.47
2018-03-02,,,,0.61,19.59
2018-03-05,,,,0.64,18.73
2018-03-06,,,,0.63,18.36
2018-03-07,,,,0.64,17.76
2018-03-08,,,,0.61,16.54
2018-03-09,,,,0.63,14.64
2018-03-12,,,,0.6,15.78
2018-03-13,,,,0.58,16.35
2018-03-14,,,,0.55,17.23
2018-03-15,,,,0.53,16.59
2018-03-16,,,,0.54,15.8
2018-03-19,,,,0.54,19.02
2018-03-20,,,,0.55,18.2
2018-03-21,,,,0.58,17.86
2018-03-22,,,,0.54,23.34
2018-03-23,,,,0.54,24.87
2018-03-26,,,,0.52,21.03
2018-03-27,,,,0.52,22.5
2018-03-28,,,,0.49,22.87
2018-03-29,,,,0.47,19.97
2018-03-30,,,,,
2018-04-01,1.69,250.227,4.0,,
2018-04-02,,,,0.48,23.62
2018-04-03,,,,0.51,21.1
2018-04-04,,,,0.51,20.06
2018-04-05,,,,0.53,18.94
2018-04-06,,,,0.5,21.49
2018-04-09,,,,0.49,21.77
2018-04-10,,,,0.48,20.47
2018-04-11,,,,0.47,20.24
2018-04-12,,,,0.49,18.49
2018-04-13,,,,0.45,17.41
2018-04-16,,,,0.44,16.56
2018-04-17,,,,0.41,15.25
2018-04-18,,,,0.45,15.6
2018-04-19,,,,0.48,15.96
2018-04-20,,,,0.5,16.88
2018-04-23,,,,0.49,16.34
2018-04-24,,,,0.52,18.02
2018-04-25,,,,0.54,17.84
2018-04-26,,,,0.51,16.24
2018-04-27,,,,0.47,15.41
2018-04-30,,,,0.46,15.93
2018-05-01,1.7,250.792,3.8,0.47,15.49
2018-05-02,,,,0.48,15.97
2018-05-03,,,,0.45,15.9
2018-05-04,,,,0.44,14.77
2018-05-07,,,,0.46,14.75
2018-05-08,,,,0.46,14.71
2018-05-09,,,,0.46,13.42
2018-05-10,,,,0.43,13.23
2018-05-11,,,,0.43,12.65
2018-05-14,,,,0.45,12.93
2018-05-15,,,,0.5,14.63
2018-05-16,,,,0.51,13.42
2018-05-17,,,,0.54,13.43
2018-05-18,,,,0.51,13.42
2018-05-21,,,,0.48,13.08
2018-05-22,,,,0.47,13.22
2018-05-23,,,,0.48,12.58
2018-05-24,,,,0.48,12.53
2018-05-25,,,,0.45,13.22
2018-05-28,,,,,
2018-05-29,,,,0.45,17.02
2018-05-30,,,,0.42,14.94
2018-05-31,,,,0.43,15.43
2018-06-01,1.82,251.018,4.0,0.42,13.46
2018-06-04,,,,0.42,12.74
2018-06-05,,,,0.43,12.4
2018-06-06,,,,0.45,11.64
2018-06-07,,,,0.43,12.13
2018-06-08,,,,0.43,12.18
2018-06-11,,,,0.44,12.35
2018-06-12,,,,0.42,12.34
2018-06-13,,,,0.39,12.94
2018-06-14,,,,0.35,12.12
2018-06-15,,,,0.38,11.98
2018-06-18,,,,0.36,12.31
2018-06-19,,,,0.35,13.35
2018-06-20,,,,0.37,12.79
2018-06-21,,,,0.34,14.64
2018-06-22,,,,0.34,13.77
2018-06-25,,,,0.33,17.33
2018-06-26,,,,0.35,15.92
2018-06-27,,,,0.31,17.91
2018-06-28,,,,0.32,16.85
2018-06-29,,,,0.33,16.09
2018-07-01,1.91,251.214,3.8,,
2018-07-02,,,,0.3,15.6
2018-07-03,,,,0.3,16.14
2018-07-04,,,,,
2018-07-05,,,,0.29,14.97
2018-07-06,,,,0.29,13.37
2018-07-09,,,,0.29,12.69
2018-07-10,,,,0.28,12.64
2018-07-11,,,,0.27,13.63
2018-07-12,,,,0.25,12.58
2018-07-13,,,,0.24,12.18
2018-07-16,,,,0.26,12.83
2018-07-17,,,,0.24,12.06
2018-07-18,,,,0.28,12.1
2018-07-19,,,,0.24,12.87
2018-07-20,,,,0.29,12.86
2018-07-23,,,,0.32,12.62
2018-07-24,,,,0.32,12.41
2018-07-25,,,,0.28,12.29
2018-07-26,,,,0.29,12.14
2018-07-27,,,,0.29,13.03
2018-07-30,,,,0.32,14.26
2018-07-31,,,,0.29,12.83
2018-08-01,1.91,251.663,3.8,0.33,13.15
2018-08-02,,,,0.32,12.19
2018-08-03,,,,0.32,11.64
2018-08-06,,,,0.3,11.27
2018-08-07,,,,0.3,10.93
2018-08-08,,,,0.28,10.85
2018-08-09,,,,0.29,11.27
2018-08-10,,,,0.26,13.16
2018-08-13,,,,0.27,14.78
2018-08-14,,,,0.26,13.31
2018-08-15,,,,0.25,14.64
2018-08-16,,,,0.24,13.45
2018-08-17,,,,0.26,12.64
2018-08-20,,,,0.22,12.49
2018-08-21,,,,0.24,12.86
2018-08-22,,,,0.22,12.25
2018-08-23,,,,0.21,12.41
2018-08-24,,,,0.19,11.99
2018-08-27,,,,0.18,12.16
2018-08-28,,,,0.21,12.5
2018-08-29,,,,0.22,12.25
2018-08-30,,,,0.22,13.53
2018-08-31,,,,0.24,12.86
2018-09-01,1.95,252.182,3.7,,
2018-09-03,,,,,
2018-09-04,,,,0.24,13.16
2018-09-05,,,,0.24,13.91
2018-09-06,,,,0.24,14.65
2018-09-07,,,,0.23,14.88
2018-09-10,,,,0.21,14.16
2018-09-11,,,,0.22,13.22
2018-09-12,,,,0.23,13.14
2018-09-13,,,,0.21,12.37
2018-09-14,,,,0.21,12.07
2018-09-17,,,,0.21,13.68
2018-09-18,,,,0.24,12.79
2018-09-19,,,,0.27,11.75
2018-09-20,,,,0.26,11.8
2018-09-21,,,,0.26,11.68
2018-09-24,,,,0.25,12.2
2018-09-25,,,,0.27,12.42
2018-09-26,,,,0.23,12.89
2018-09-27,,,,0.23,12.41
2018-09-28,,,,0.24,12.12
2018-10-01,2.19,252.772,3.8,0.27,12.0
2018-10-02,,,,0.23,12.05
2018-10-03,,,,0.3,11.61
2018-10-04,,,,0.32,14.22
2018-10-05,,,,0.35,14.82
2018-10-08,,,,,15.69
2018-10-09,,,,0.33,15.95
2018-10-10,,,,0.34,22.96
2018-10-11,,,,0.29,24.98
2018-10-12,,,,0.3,21.31
2018-10-15,,,,0.31,21.3
2018-10-16,,,,0.29,17.62
2018-10-17,,,,0.3,17.4
2018-10-18,,,,0.3,20.06
2018-10-19,,,,0.28,19.89
2018-10-22,,,,0.28,19.64
2018-10-23,,,,0.28,20.71
2018-10-24,,,,0.26,25.23
2018-10-25,,,,0.28,24.22
2018-10-26,,,,0.27,24.16
2018-10-29,,,,0.27,24.7
2018-10-30,,,,0.28,23.35
2018-10-31,,,,0.28,21.23
2018-11-01,2.2,252.594,3.8,0.3,19.34
2018-11-02,,,,0.31,19.51
2018-11-05,,,,0.29,19.96
2018-11-06,,,,0.29,19.91
2018-11-07,,,,0.26,16.36
2018-11-08,,,,0.26,16.72
2018-11-09,,,,0.25,17.36
2018-11-12,,,,,20.45
2018-11-13,,,,0.25,20.02
2018-11-14,,,,0.26,21.25
2018-11-15,,,,0.25,19.98
2018-11-16,,,,0.27,18.14
2018-11-19,,,,0.27,20.1
2018-11-20,,,,0.27,22.48
2018-11-21,,,,0.25,20.8
2018-11-22,,,,,
2018-11-23,,,,0.24,21.52
2018-11-26,,,,0.23,18.9
2018-11-27,,,,0.23,19.02
2018-11-28,,,,0.25,18.49
2018-11-29,,,,0.22,18.79
2018-11-30,,,,0.21,18.07
2018-12-01,2.27,252.767,3.9,,
2018-12-03,,,,0.15,16.44
2018-12-04,,,,0.11,20.74
2018-12-05,,,,,
2018-12-06,,,,0.12,21.19
2018-12-07,,,,0.13,23.23
2018-12-10,,,,0.13,22.64
2018-12-11,,,,0.11,21.76
2018-12-12,,,,0.14,21.46
2018-12-13,,,,0.16,20.65
2018-12-14,,,,0.16,21.63
2018-12-17,,,,0.16,24.52
2018-12-18,,,,0.17,25.58
2018-12-19,,,,0.14,25.58
2018-12-20,,,,0.12,28.38
2018-12-21,,,,0.16,30.11
2018-12-24,,,,0.19,36.07
2018-12-25,,,,,
2018-12-26,,,,0.2,30.41
2018-12-27,,,,0.21,29.96
2018-12-28,,,,0.2,28.34
2018-12-31,,,,0.21,25.42
2019-01-01,2.4,252.561,4.0,,
2019-01-02,,,,0.16,23.22
2019-01-03,,,,0.17,25.45
2019-01-04,,,,0.17,21.38
2019-01-07,,,,0.17,21.4
2019-01-08,,,,0.15,20.47
2019-01-09,,,,0.18,19.98
2019-01-10,,,,0.18,19.5
2019-01-11,,,,0.16,18.19
2019-01-14,,,,0.18,19.07
2019-01-15,,,,0.19,18.6
2019-01-16,,,,0.18,19.04
2019-01-17,,,,0.19,18.06
2019-01-18,,,,0.17,17.8
2019-01-21,,,,,
2019-01-22,,,,0.16,20.8
2019-01-23,,,,0.18,19.52
2019-01-24,,,,0.16,18.89
2019-01-25,,,,0.16,17.42
2019-01-28,,,,0.15,18.87
2019-01-29,,,,0.16,19.13
2019-01-30,,,,0.18,17.66
2019-01-31,,,,0.18,16.57
2019-02-01,2.4,253.319,3.8,0.18,16.14
2019-02-04,,,,0.2,15.73
2019-02-05,,,,0.18,15.57
2019-02-06,,,,0.18,15.38
2019-02-07,,,,0.17,16.37
2019-02-08,,,,0.18,15.72
2019-02-11,,,,0.17,15.97
2019-02-12,,,,0.18,15.43
2019-02-13,,,,0.18,15.65
2019-02-14,,,,0.16,16.22
2019-02-15,,,,0.14,14.91
2019-02-18,,,,,
2019-02-19,,,,0.15,14.88
2019-02-20,,,,0.15,14.02
2019-02-21,,,,0.16,14.46
2019-02-22,,,,0.17,13.51
2019-02-25,,,,0.16,14.85
2019-02-26,,,,0.16,15.17
2019-02-27,,,,0.19,14.7
2019-02-28,,,,0.21,14.78
2019-03-01,2.41,254.277,3.8,0.21,13.57
2019-03-04,,,,0.17,14.63
2019-03-05,,,,0.17,14.74
2019-03-06,,,,0.17,15.74
2019-03-07,,,,0.17,16.59
2019-03-08,,,,0.17,16.05
2019-03-11,,,,0.17,14.33
2019-03-12,,,,0.16,13.77
2019-03-13,,,,0.16,13.41
2019-03-14,,,,0.17,13.5
2019-03-15,,,,0.16,12.88
2019-03-18,,,,0.15,13.1
2019-03-19,,,,0.15,13.56
2019-03-20,,,,0.14,13.91
2019-03-21,,,,0.13,13.63
2019-03-22,,,,0.13,16.48
2019-03-25,,,,0.17,16.33
2019-03-26,,,,0.17,14.68
2019-03-27,,,,0.17,15.15
2019-03-28,,,,0.16,14.43
2019-03-29,,,,0.14,13.71
2019-04-01,2.42,255.233,3.7,0.16,13.4
2019-04-02,,,,0.18,13.36
2019-04-03,,,,0.19,13.74
2019-04-04,,,,0.18,13.58
2019-04-05,,,,0.15,12.82
2019-04-08,,,,0.16,13.18
2019-04-09,,,,0.16,14.28
2019-04-10,,,,0.17,13.3
2019-04-11,,,,0.16,13.02
2019-04-12,,,,0.16,12.01
2019-04-15,,,,0.15,12.32
2019-04-16,,,,0.19,12.18
2019-04-17,,,,0.19,12.6
2019-04-18,,,,0.19,12.09
2019-04-19,,,,,
2019-04-22,,,,0.21,12.42
2019-04-23,,,,0.21,12.28
2019-04-24,,,,0.21,13.14
2019-04-25,,,,0.21,13.25
2019-04-26,,,,0.23,12.73
2019-04-29,,,,0.24,13.11
2019-04-30,,,,0.24,13.12
2019-05-01,2.39,255.296,3.6,0.21,14.8
2019-05-02,,,,0.2,14.42
2019-05-03,,,,0.21,12.87
2019-05-06,,,,0.2,15.44
2019-05-07,,,,0.17,19.32
2019-05-08,,,,0.19,19.4
2019-05-09,,,,0.19,19.1
2019-05-10,,,,0.21,16.04
2019-05-13,,,,0.22,20.55
2019-05-14,,,,0.22,18.06
2019-05-15,,,,0.21,16.44
2019-05-16,,,,0.2,15.29
2019-05-17,,,,0.19,15.96
2019-05-20,,,,0.2,16.31
2019-05-21,,,,0.17,14.95
2019-05-22,,,,0.16,14.75
2019-05-23,,,,0.19,16.92
2019-05-24,,,,0.16,15.85
2019-05-27,,,,,
2019-05-28,,,,0.14,17.5
2019-05-29,,,,0.16,17.9
2019-05-30,,,,0.16,17.3
2019-05-31,,,,0.19,18.71
2019-06-01,2.38,255.213,3.6,,
2019-06-03,,,,0.25,18.86
2019-06-04,,,,0.24,16.97
2019-06-05,,,,0.29,16.09
2019-06-06,,,,0.24,15.93
2019-06-07,,,,0.24,16.3
2019-06-10,,,,0.25,15.94
2019-06-11,,,,0.22,15.99
2019-06-12,,,,0.25,15.91
2019-06-13,,,,0.27,15.82
2019-06-14,,,,0.25,15.28
2019-06-17,,,,0.23,15.35
2019-06-18,,,,0.2,15.15
2019-06-19,,,,0.29,14.33
2019-06-20,,,,0.29,14.75
2019-06-21,,,,0.3,15.4
2019-06-24,,,,0.3,15.26
2019-06-25,,,,0.29,16.28
2019-06-26,,,,0.28,16.21
2019-06-27,,,,0.27,15.82
2019-06-28,,,,0.25,15.08
2019-07-01,2.4,255.802,3.7,0.25,14.06
2019-07-02,,,,0.21,12.93
2019-07-03,,,,0.19,12.57
2019-07-04,,,,,
2019-07-05,,,,0.17,13.28
2019-07-08,,,,0.17,13.96
2019-07-09,,,,0.15,14.09
2019-07-10,,,,0.25,13.03
2019-07-11,,,,0.28,12.93
2019-07-12,,,,0.28,12.39
2019-07-15,,,,0.26,12.68
2019-07-16,,,,0.26,12.86
2019-07-17,,,,0.23,13.97
2019-07-18,,,,0.27,13.53
2019-07-19,,,,0.25,14.45
2019-07-22,,,,0.25,13.53
2019-07-23,,,,0.25,12.61
2019-07-24,,,,0.22,12.07
2019-07-25,,,,0.22,12.74
2019-07-26,,,,0.22,12.16
2019-07-29,,,,0.21,12.83
2019-07-30,,,,0.21,13.94
2019-07-31,,,,0.13,16.12
2019-08-01,2.13,256.036,3.6,0.17,17.87
2019-08-02,,,,0.14,17.61
2019-08-05,,,,0.16,24.59
2019-08-06,,,,0.13,20.17
2019-08-07,,,,0.12,19.49
2019-08-08,,,,0.1,16.91
2019-08-09,,,,0.11,17.97
2019-08-12,,,,0.07,21.09
2019-08-13,,,,0.02,17.52
2019-08-14,,,,0.01,22.1
2019-08-15,,,,0.04,21.18
2019-08-16,,,,0.07,18.47
2019-08-19,,,,0.07,16.88
2019-08-20,,,,0.05,17.5
2019-08-21,,,,0.03,15.8
2019-08-22,,,,0.01,16.68
2019-08-23,,,,0.01,19.87
2019-08-26,,,,0.0,19.32
2019-08-27,,,,-0.04,20.31
2019-08-28,,,,-0.03,19.35
2019-08-29,,,,-0.03,17.88
2019-08-30,,,,0.0,18.98
2019-09-01,2.04,256.43,3.5,,
2019-09-02,,,,,
2019-09-03,,,,0.0,19.66
2019-09-04,,,,0.04,17.33
2019-09-05,,,,0.02,16.27
2019-09-06,,,,0.02,15.0
2019-09-09,,,,0.05,15.27
2019-09-10,,,,0.05,15.2
2019-09-11,,,,0.07,14.61
2019-09-12,,,,0.07,14.22
2019-09-13,,,,0.11,13.74
2019-09-16,,,,0.1,14.67
2019-09-17,,,,0.09,14.44
2019-09-18,,,,0.03,13.95
2019-09-19,,,,0.05,14.05
2019-09-20,,,,0.05,15.32
2019-09-23,,,,0.04,14.91
2019-09-24,,,,0.04,17.05
2019-09-25,,,,0.05,15.96
2019-09-26,,,,0.04,16.07
2019-09-27,,,,0.06,17.22
2019-09-30,,,,0.05,16.24
2019-10-01,1.83,257.155,3.6,0.09,18.56
2019-10-02,,,,0.12,20.56
2019-10-03,,,,0.15,19.12
2019-10-04,,,,0.12,17.04
2019-10-07,,,,0.1,17.86
2019-10-08,,,,0.12,20.28
2019-10-09,,,,0.12,18.64
2019-10-10,,,,0.14,17.57
2019-10-11,,,,0.13,15.58
2019-10-14,,,,,14.57
2019-10-15,,,,0.16,13.54
2019-10-16,,,,0.17,13.68
2019-10-17,,,,0.16,13.79
2019-10-18,,,,0.18,14.25
2019-10-21,,,,0.18,14.0
2019-10-22,,,,0.18,14.46
2019-10-23,,,,0.19,14.01
2019-10-24,,,,0.19,13.71
2019-10-25,,,,0.17,12.65
2019-10-28,,,,0.21,13.11
2019-10-29,,,,0.2,13.2
2019-10-30,,,,0.17,12.33
2019-10-31,,,,0.17,13.22
2019-11-01,1.55,257.879,3.6,0.17,12.3
2019-11-04,,,,0.19,12.83
2019-11-05,,,,0.23,13.1
2019-11-06,,,,0.2,12.62
2019-11-07,,,,0.24,12.73
2019-11-08,,,,0.26,12.07
2019-11-11,,,,,12.69
2019-11-12,,,,0.26,12.68
2019-11-13,,,,0.25,13.0
2019-11-14,,,,0.24,13.05
2019-11-15,,,,0.23,12.05
2019-11-18,,,,0.21,12.46
2019-11-19,,,,0.19,12.86
2019-11-20,,,,0.17,12.78
2019-11-21,,,,0.17,13.13
2019-11-22,,,,0.16,12.34
2019-11-25,,,,0.15,11.87
2019-11-26,,,,0.16,11.54
2019-11-27,,,,0.14,11.75
2019-11-28,,,,,
2019-11-29,,,,0.17,12.62
2019-12-01,1.55,258.63,3.6,,
2019-12-02,,,,0.22,14.91
2019-12-03,,,,0.19,15.96
2019-12-04,,,,0.19,14.8
2019-12-05,,,,0.22,14.52
2019-12-06,,,,0.23,13.62
2019-12-09,,,,0.2,15.86
2019-12-10,,,,0.2,15.68
2019-12-11,,,,0.18,14.99
2019-12-12,,,,0.24,13.94
2019-12-13,,,,0.21,12.63
2019-12-16,,,,0.24,12.14
2019-12-17,,,,0.26,12.29
2019-12-18,,,,0.29,12.58
2019-12-19,,,,0.3,12.5
2019-12-20,,,,0.29,12.51
2019-12-23,,,,0.29,12.61
2019-12-24,,,,0.28,12.67
2019-12-25,,,,,
2019-12-26,,,,0.26,12.65
2019-12-27,,,,0.29,13.43
2019-12-30,,,,0.32,14.82
2019-12-31,,,,0.34,13.78
2020-01-01,1.55,259.127,3.6,,
2020-01-02,,,,0.3,12.47
2020-01-03,,,,0.27,14.02
2020-01-06,,,,0.27,13.85
2020-01-07,,,,0.29,13.79
2020-01-08,,,,0.29,13.45
2020-01-09,,,,0.27,12.54
2020-01-10,,,,0.27,12.56
2020-01-13,,,,0.27,12.32
2020-01-14,,,,0.24,12.39
2020-01-15,,,,0.23,12.42
2020-01-16,,,,0.23,12.32
2020-01-17,,,,0.26,12.1
2020-01-20,,,,,
2020-01-21,,,,0.25,12.85
2020-01-22,,,,0.24,12.91
2020-01-23,,,,0.23,12.98
2020-01-24,,,,0.21,14.56
2020-01-27,,,,0.17,18.23
2020-01-28,,,,0.2,16.28
2020-01-29,,,,0.18,16.39
2020-01-30,,,,0.16,15.49
2020-01-31,,,,0.18,18.84
2020-02-01,1.58,259.25,3.5,,
2020-02-03,,,,0.18,17.97
2020-02-04,,,,0.2,16.05
2020-02-05,,,,0.22,15.15
2020-02-06,,,,0.21,14.96
2020-02-07,,,,0.18,15.47
2020-02-10,,,,0.19,15.04
2020-02-11,,,,0.18,15.18
2020-02-12,,,,0.18,13.74
2020-02-13,,,,0.17,14.15
2020-02-14,,,,0.17,13.68
2020-02-17,,,,,
2020-02-18,,,,0.14,14.83
2020-02-19,,,,0.14,14.38
2020-02-20,,,,0.13,15.56
2020-02-21,,,,0.12,17.08
2020-02-24,,,,0.12,25.03
2020-02-25,,,,0.13,27.85
2020-02-26,,,,0.17,27.56
2020-02-27,,,,0.19,39.16
2020-02-28,,,,0.27,40.11
2020-03-01,0.65,258.076,4.4,,
2020-03-02,,,,0.26,33.42
2020-03-03,,,,0.31,36.82
2020-03-04,,,,0.35,31.99
2020-03-05,,,,0.33,39.62
2020-03-06,,,,0.25,41.94
2020-03-09,,,,0.16,54.46
2020-03-10,,,,0.26,47.3
2020-03-11,,,,0.32,53.9
2020-03-12,,,,0.38,75.47
2020-03-13,,,,0.45,57.83
2020-03-16,,,,0.37,82.69
2020-03-17,,,,0.55,75.91
2020-03-18,,,,0.64,76.45
2020-03-19,,,,0.68,72.0
2020-03-20,,,,0.55,66.04
2020-03-23,,,,0.48,61.59
2020-03-24,,,,0.46,61.67
2020-03-25,,,,0.54,63.95
2020-03-26,,,,0.53,61.0
2020-03-27,,,,0.47,65.54
2020-03-30,,,,0.47,57.08
2020-03-31,,,,0.47,53.54
2020-04-01,0.05,256.032,14.8,0.39,57.06
2020-04-02,,,,0.4,50.91
2020-04-03,,,,0.39,46.8
2020-04-06,,,,0.4,45.24
2020-04-07,,,,0.47,46.7
2020-04-08,,,,0.5,43.35
2020-04-09,,,,0.5,41.67
2020-04-10,,,,,
2020-04-13,,,,0.51,41.17
2020-04-14,,,,0.53,37.76
2020-04-15,,,,0.43,40.84
2020-04-16,,,,0.41,40.11
2020-04-17,,,,0.45,38.15
2020-04-20,,,,0.43,43.83
2020-04-21,,,,0.38,45.41
2020-04-22,,,,0.41,41.98
2020-04-23,,,,0.39,41.38
2020-04-24,,,,0.38,35.93
2020-04-27,,,,0.43,33.29
2020-04-28,,,,0.42,33.57
2020-04-29,,,,0.43,31.23
2020-04-30,,,,0.44,34.15
2020-05-01,0.05,255.802,13.2,0.44,37.19
2020-05-04,,,,0.45,35.97
2020-05-05,,,,0.47,33.61
2020-05-06,,,,0.55,34.12
2020-05-07,,,,0.5,31.44
2020-05-08,,,,0.53,27.98
2020-05-11,,,,0.56,27.57
2020-05-12,,,,0.52,33.04
2020-05-13,,,,0.48,35.28
2020-05-14,,,,0.47,32.61
2020-05-15,,,,0.48,31.89
2020-05-18,,,,0.55,29.3
2020-05-19,,,,0.53,30.53
2020-05-20,,,,0.52,27.99
2020-05-21,,,,0.51,29.53
2020-05-22,,,,0.49,28.16
2020-05-25,,,,,
2020-05-26,,,,0.51,28.01
2020-05-27,,,,0.49,27.62
2020-05-28,,,,0.53,28.59
2020-05-29,,,,0.49,27.51
2020-06-01,0.08,257.042,11.0,0.52,28.23
2020-06-02,,,,0.51,26.84
2020-06-03,,,,0.58,25.66
2020-06-04,,,,0.63,25.81
2020-06-05,,,,0.69,24.52
2020-06-08,,,,0.66,25.81
2020-06-09,,,,0.64,27.57
2020-06-10,,,,0.58,27.57
2020-06-11,,,,0.47,40.79
2020-06-12,,,,0.52,36.09
2020-06-15,,,,0.52,34.4
2020-06-16,,,,0.54,33.67
2020-06-17,,,,0.55,33.47
2020-06-18,,,,0.52,32.94
2020-06-19,,,,0.51,35.12
2020-06-22,,,,0.52,31.77
2020-06-23,,,,0.54,31.37
2020-06-24,,,,0.5,33.84
2020-06-25,,,,0.51,32.22
2020-06-26,,,,0.47,34.73
2020-06-29,,,,0.48,31.78
2020-06-30,,,,0.5,30.43
2020-07-01,0.09,258.352,10.2,0.52,28.62
2020-07-02,,,,0.52,27.68
2020-07-03,,,,,
2020-07-06,,,,0.53,27.94
2020-07-07,,,,0.49,29.43
2020-07-08,,,,0.51,28.08
2020-07-09,,,,0.46,29.26
2020-07-10,,,,0.49,27.29
2020-07-13,,,,0.48,32.19
2020-07-14,,,,0.49,29.52
2020-07-15,,,,0.48,27.76
2020-07-16,,,,0.46,28.0
2020-07-17,,,,0.5,25.68
2020-07-20,,,,0.46,24.46
2020-07-21,,,,0.47,24.84
2020-07-22,,,,0.46,24.32
2020-07-23,,,,0.43,26.08
2020-07-24,,,,0.45,25.84
2020-07-27,,,,0.47,24.74
2020-07-28,,,,0.45,25.44
2020-07-29,,,,0.46,24.1
2020-07-30,,,,0.44,24.76
2020-07-31,,,,0.44,24.46
2020-08-01,0.1,259.316,8.4,,
2020-08-03,,,,0.45,24.28
2020-08-04,,,,0.41,23.76
2020-08-05,,,,0.44,22.99
2020-08-06,,,,0.44,22.65
2020-08-07,,,,0.44,22.21
2020-08-10,,,,0.45,22.13
2020-08-11,,,,0.48,24.03
2020-08-12,,,,0.53,22.28
2020-08-13,,,,0.55,22.13
2020-08-14,,,,0.57,22.05
2020-08-17,,,,0.55,21.35
2020-08-18,,,,0.53,21.51
2020-08-19,,,,0.54,22.54
2020-08-20,,,,0.52,22.72
2020-08-21,,,,0.48,22.54
2020-08-24,,,,0.51,22.37
2020-08-25,,,,0.54,22.03
2020-08-26,,,,0.53,23.27
2020-08-27,,,,0.58,24.47
2020-08-28,,,,0.6,22.96
2020-08-31,,,,0.58,26.41
2020-09-01,0.09,259.997,7.8,0.55,26.12
2020-09-02,,,,0.52,26.57
2020-09-03,,,,0.5,33.6
2020-09-04,,,,0.58,30.75
2020-09-07,,,,,
2020-09-08,,,,0.55,31.46
2020-09-09,,,,0.57,28.81
2020-09-10,,,,0.54,29.71
2020-09-11,,,,0.54,26.87
2020-09-14,,,,0.54,25.85
2020-09-15,,,,0.54,25.59
2020-09-16,,,,0.55,26.04
2020-09-17,,,,0.56,26.46
2020-09-18,,,,0.56,25.83
2020-09-21,,,,0.54,27.78
2020-09-22,,,,0.55,26.86
2020-09-23,,,,0.54,28.58
2020-09-24,,,,0.53,28.51
2020-09-25,,,,0.54,26.38
2020-09-28,,,,0.53,26.19
2020-09-29,,,,0.55,26.27
2020-09-30,,,,0.56,26.37
2020-10-01,0.09,260.319,6.9,0.54,26.7
2020-10-02,,,,0.57,27.63
2020-10-05,,,,0.64,27.96
2020-10-06,,,,0.62,29.48
2020-10-07,,,,0.65,28.06
2020-10-08,,,,0.65,26.36
2020-10-09,,,,0.63,25.0
2020-10-12,,,,,25.07
2020-10-13,,,,0.58,26.07
2020-10-14,,,,0.59,26.4
2020-10-15,,,,0.6,26.97
2020-10-16,,,,0.62,27.41
2020-10-19,,,,0.62,29.18
2020-10-20,,,,0.67,29.35
2020-10-21,,,,0.69,28.65
2020-10-22,,,,0.71,28.11
2020-10-23,,,,0.67,27.55
2020-10-26,,,,0.65,32.46
2020-10-27,,,,0.63,33.35
2020-10-28,,,,0.63,40.28
2020-10-29,,,,0.69,37.59
2020-10-30,,,,0.74,38.02
2020-11-01,0.09,260.911,6.7,,
2020-11-02,,,,0.71,37.13
2020-11-03,,,,0.73,35.55
2020-11-04,,,,0.64,29.57
2020-11-05,,,,0.65,27.58
2020-11-06,,,,0.67,24.86
2020-11-09,,,,0.79,25.75
2020-11-10,,,,0.79,24.8
2020-11-11,,,,,23.45
2020-11-12,,,,0.71,25.35
2020-11-13,,,,0.72,23.1
2020-11-16,,,,0.72,22.45
2020-11-17,,,,0.69,22.71
2020-11-18,,,,0.72,23.84
2020-11-19,,,,0.68,23.11
2020-11-20,,,,0.67,23.7
2020-11-23,,,,0.7,22.66
2020-11-24,,,,0.72,21.64
2020-11-25,,,,0.71,21.25
2020-11-26,,,,,
2020-11-27,,,,0.68,20.84
2020-11-30,,,,0.68,20.57
2020-12-01,0.09,262.045,6.7,0.75,20.77
2020-12-02,,,,0.79,21.17
2020-12-03,,,,0.76,21.28
2020-12-04,,,,0.81,20.79
2020-12-07,,,,0.8,21.3
2020-12-08,,,,0.78,20.68
2020-12-09,,,,0.79,22.27
2020-12-10,,,,0.78,22.52
2020-12-11,,,,0.79,23.31
2020-12-14,,,,0.77,24.72
2020-12-15,,,,0.81,22.89
2020-12-16,,,,0.79,22.5
2020-12-17,,,,0.81,21.93
2020-12-18,,,,0.82,21.57
2020-12-21,,,,0.82,25.16
2020-12-22,,,,0.8,24.23
2020-12-23,,,,0.83,23.31
2020-12-24,,,,0.81,21.53
2020-12-25,,,,,
2020-12-28,,,,0.81,21.7
2020-12-29,,,,0.82,23.08
2020-12-30,,,,0.81,22.77
2020-12-31,,,,0.8,22.75
2021-01-01,0.09,262.687,6.4,,
2021-01-04,,,,0.82,26.97
2021-01-05,,,,0.83,25.34
2021-01-06,,,,0.9,25.07
2021-01-07,,,,0.94,22.37
2021-01-08,,,,0.99,21.56
2021-01-11,,,,1.01,24.08
2021-01-12,,,,1.01,23.33
2021-01-13,,,,0.96,22.21
2021-01-14,,,,0.99,23.25
2021-01-15,,,,0.98,24.34
2021-01-18,,,,,
2021-01-19,,,,0.96,23.24
2021-01-20,,,,0.97,21.58
2021-01-21,,,,0.99,21.32
2021-01-22,,,,0.97,21.91
2021-01-25,,,,0.92,23.19
2021-01-26,,,,0.94,23.02
2021-01-27,,,,0.92,37.21
2021-01-28,,,,0.95,30.21
2021-01-29,,,,1.0,33.09
2021-02-01,0.08,263.579,6.2,0.98,30.24
2021-02-02,,,,1.01,25.56
2021-02-03,,,,1.04,22.91
2021-02-04,,,,1.04,21.77
2021-02-05,,,,1.1,20.87
2021-02-08,,,,1.08,21.24
2021-02-09,,,,1.07,21.63
2021-02-10,,,,1.04,21.99
2021-02-11,,,,1.05,21.25
2021-02-12,,,,1.09,19.97
2021-02-15,,,,,
2021-02-16,,,,1.17,21.46
2021-02-17,,,,1.18,21.5
2021-02-18,,,,1.18,22.49
2021-02-19,,,,1.23,22.05
2021-02-22,,,,1.26,23.45
2021-02-23,,,,1.26,23.11
2021-02-24,,,,1.26,21.34
2021-02-25,,,,1.37,28.89
2021-02-26,,,,1.3,27.95
2021-03-01,0.07,264.961,6.1,1.32,23.35
2021-03-02,,,,1.29,24.1
2021-03-03,,,,1.33,26.67
2021-03-04,,,,1.4,28.57
2021-03-05,,,,1.42,24.66
2021-03-08,,,,1.42,25.47
2021-03-09,,,,1.38,24.03
2021-03-10,,,,1.37,22.56
2021-03-11,,,,1.4,21.91
2021-03-12,,,,1.5,20.69
2021-03-15,,,,1.48,20.03
2021-03-16,,,,1.47,19.79
2021-03-17,,,,1.5,19.23
2021-03-18,,,,1.55,21.58
2021-03-19,,,,1.58,20.95
2021-03-22,,,,1.54,18.88
2021-03-23,,,,1.48,20.3
2021-03-24,,,,1.48,21.2
2021-03-25,,,,1.49,19.81
2021-03-26,,,,1.53,18.86
2021-03-29,,,,1.59,20.74
2021-03-30,,,,1.57,19.61
2021-03-31,,,,1.58,19.4
2021-04-01,0.07,266.614,6.1,1.52,17.33
2021-04-02,,,,1.53,
2021-04-05,,,,1.56,17.91
2021-04-06,,,,1.51,18.12
2021-04-07,,,,1.52,17.16
2021-04-08,,,,1.5,16.95
2021-04-09,,,,1.51,16.69
2021-04-12,,,,1.51,16.91
2021-04-13,,,,1.48,16.65
2021-04-14,,,,1.48,16.99
2021-04-15,,,,1.4,16.57
2021-04-16,,,,1.43,16.25
2021-04-19,,,,1.45,17.29
2021-04-20,,,,1.43,18.68
2021-04-21,,,,1.42,17.5
2021-04-22,,,,1.41,18.71
2021-04-23,,,,1.42,17.33
2021-04-26,,,,1.4,17.64
2021-04-27,,,,1.46,17.56
2021-04-28,,,,1.46,17.28
2021-04-29,,,,1.49,17.61
2021-04-30,,,,1.49,18.61
2021-05-01,0.06,268.383,5.8,,
2021-05-03,,,,1.47,18.31
2021-05-04,,,,1.45,19.48
2021-05-05,,,,1.43,19.15
2021-05-06,,,,1.42,18.39
2021-05-07,,,,1.46,16.69
2021-05-10,,,,1.47,19.66
2021-05-11,,,,1.48,21.84
2021-05-12,,,,1.53,27.59
2021-05-13,,,,1.5,23.13
2021-05-14,,,,1.47,18.81
2021-05-17,,,,1.48,19.72
2021-05-18,,,,1.48,21.34
2021-05-19,,,,1.52,22.18
2021-05-20,,,,1.48,20.67
2021-05-21,,,,1.46,20.15
2021-05-24,,,,1.46,18.4
2021-05-25,,,,1.41,18.84
2021-05-26,,,,1.44,17.36
2021-05-27,,,,1.47,16.74
2021-05-28,,,,1.44,16.76
2021-05-31,,,,,
2021-06-01,0.08,270.654,5.9,1.46,17.9
2021-06-02,,,,1.46,17.48
2021-06-03,,,,1.47,18.04
2021-06-04,,,,1.42,16.42
2021-06-07,,,,1.41,16.42
2021-06-08,,,,1.39,17.07
2021-06-09,,,,1.34,17.89
2021-06-10,,,,1.31,16.1
2021-06-11,,,,1.31,15.65
2021-06-14,,,,1.35,16.39
2021-06-15,,,,1.35,17.02
2021-06-16,,,,1.36,18.15
2021-06-17,,,,1.29,17.75
2021-06-18,,,,1.19,20.7
2021-06-21,,,,1.23,17.89
2021-06-22,,,,1.23,16.66
2021-06-23,,,,1.24,16.32
2021-06-24,,,,1.23,15.97
2021-06-25,,,,1.26,15.62
2021-06-28,,,,1.24,15.76
2021-06-29,,,,1.22,16.02
2021-06-30,,,,1.2,15.83
2021-07-01,0.1,271.903,5.4,1.23,15.48
2021-07-02,,,,1.2,15.07
2021-07-05,,,,,
2021-07-06,,,,1.15,16.44
2021-07-07,,,,1.11,16.2
2021-07-08,,,,1.11,19.0
2021-07-09,,,,1.14,16.18
2021-07-12,,,,1.15,16.17
2021-07-13,,,,1.16,17.12
2021-07-14,,,,1.14,16.33
2021-07-15,,,,1.08,17.01
2021-07-16,,,,1.06,18.45
2021-07-19,,,,0.98,22.5
2021-07-20,,,,1.03,19.73
2021-07-21,,,,1.08,17.91
2021-07-22,,,,1.07,17.69
2021-07-23,,,,1.08,17.2
2021-07-26,,,,1.07,17.58
2021-07-27,,,,1.05,19.36
2021-07-28,,,,1.06,18.31
2021-07-29,,,,1.08,17.7
2021-07-30,,,,1.05,18.24
2021-08-01,0.09,272.676,5.1,,
2021-08-02,,,,1.03,19.46
2021-08-03,,,,1.02,18.04
2021-08-04,,,,1.02,17.97
2021-08-05,,,,1.02,17.28
2021-08-06,,,,1.1,16.15
2021-08-09,,,,1.1,16.72
2021-08-10,,,,1.12,16.79
2021-08-11,,,,1.12,16.06
2021-08-12,,,,1.13,15.59
2021-08-13,,,,1.06,15.45
2021-08-16,,,,1.05,16.12
2021-08-17,,,,1.03,17.91
2021-08-18,,,,1.04,21.57
2021-08-19,,,,1.02,21.67
2021-08-20,,,,1.03,18.56
2021-08-23,,,,1.02,17.15
2021-08-24,,,,1.05,17.22
2021-08-25,,,,1.12,16.79
2021-08-26,,,,1.09,18.84
2021-08-27,,,,1.09,16.39
2021-08-30,,,,1.09,16.19
2021-08-31,,,,1.1,16.48
2021-09-01,0.08,273.91,4.7,1.11,16.11
2021-09-02,,,,1.09,16.41
2021-09-03,,,,1.12,16.41
2021-09-06,,,,,
2021-09-07,,,,1.16,18.14
2021-09-08,,,,1.13,17.96
2021-09-09,,,,1.07,18.8
2021-09-10,,,,1.12,20.95
2021-09-13,,,,1.12,19.37
2021-09-14,,,,1.07,19.46
2021-09-15,,,,1.1,18.18
2021-09-16,,,,1.11,18.69
2021-09-17,,,,1.14,20.81
2021-09-20,,,,1.08,25.71
2021-09-21,,,,1.11,24.36
2021-09-22,,,,1.07,20.87
2021-09-23,,,,1.14,18.63
2021-09-24,,,,1.18,17.75
2021-09-27,,,,1.17,18.76
2021-09-28,,,,1.23,23.25
2021-09-29,,,,1.25,22.56
2021-09-30,,,,1.24,23.14
2021-10-01,0.08,276.55,4.5,1.21,21.15
2021-10-04,,,,1.22,22.96
2021-10-05,,,,1.26,21.3
2021-10-06,,,,1.23,21.0
2021-10-07,,,,1.26,19.54
2021-10-08,,,,1.29,18.77
2021-10-11,,,,,20.0
2021-10-12,,,,1.24,19.85
2021-10-13,,,,1.19,18.64
2021-10-14,,,,1.16,16.86
2021-10-15,,,,1.18,16.3
2021-10-18,,,,1.15,16.31
2021-10-19,,,,1.24,15.7
2021-10-20,,,,1.25,15.49
2021-10-21,,,,1.23,15.01
2021-10-22,,,,1.18,15.43
2021-10-25,,,,1.17,15.24
2021-10-26,,,,1.16,15.98
2021-10-27,,,,1.04,16.98
2021-10-28,,,,1.07,16.53
2021-10-29,,,,1.07,16.26
2021-11-01,0.08,278.919,4.1,1.08,16.41
2021-11-02,,,,1.1,16.03
2021-11-03,,,,1.13,15.1
2021-11-04,,,,1.12,15.44
2021-11-05,,,,1.06,16.48
2021-11-08,,,,1.06,17.22
2021-11-09,,,,1.05,17.78
2021-11-10,,,,1.05,18.73
2021-11-11,,,,,17.66
2021-11-12,,,,1.05,16.29
2021-11-15,,,,1.1,16.49
2021-11-16,,,,1.09,16.37
2021-11-17,,,,1.08,17.11
2021-11-18,,,,1.07,17.59
2021-11-19,,,,1.02,17.91
2021-11-22,,,,1.0,19.17
2021-11-23,,,,1.07,19.38
2021-11-24,,,,1.0,18.58
2021-11-25,,,,,
2021-11-26,,,,0.98,28.62
2021-11-29,,,,1.01,22.96
2021-11-30,,,,0.91,27.19
2021-12-01,0.08,280.845,3.9,0.87,31.12
2021-12-02,,,,0.81,27.95
2021-12-03,,,,0.75,30.67
2021-12-06,,,,0.78,27.18
2021-12-07,,,,0.78,21.89
2021-12-08,,,,0.84,19.9
2021-12-09,,,,0.79,21.58
2021-12-10,,,,0.81,18.69
2021-12-13,,,,0.76,20.31
2021-12-14,,,,0.77,21.89
2021-12-15,,,,0.78,19.29
2021-12-16,,,,0.8,20.57
2021-12-17,,,,0.75,21.57
2021-12-20,,,,0.78,22.87
2021-12-21,,,,0.78,21.01
2021-12-22,,,,0.78,18.63
2021-12-23,,,,0.79,17.96
2021-12-24,,,,,
2021-12-27,,,,0.72,17.68
2021-12-28,,,,0.75,17.54
2021-12-29,,,,0.8,16.95
2021-12-30,,,,0.79,17.33
2021-12-31,,,,0.79,17.22
2022-01-01,0.08,282.543,4.0,,
2022-01-03,,,,0.85,16.6
2022-01-04,,,,0.89,16.91
2022-01-05,,,,0.88,19.73
2022-01-06,,,,0.85,19.61
2022-01-07,,,,0.89,18.76
2022-01-10,,,,0.86,19.4
2022-01-11,,,,0.85,18.41
2022-01-12,,,,0.82,17.62
2022-01-13,,,,0.79,20.31
2022-01-14,,,,0.79,19.19
2022-01-17,,,,,
2022-01-18,,,,0.81,22.79
2022-01-19,,,,0.79,23.85
2022-01-20,,,,0.75,25.59
2022-01-21,,,,0.74,28.85
2022-01-24,,,,0.76,29.9
2022-01-25,,,,0.76,31.16
2022-01-26,,,,0.72,31.96
2022-01-27,,,,0.63,30.49
2022-01-28,,,,0.63,27.66
2022-01-31,,,,0.61,24.83
2022-02-01,0.08,284.5,3.9,0.63,21.96
2022-02-02,,,,0.62,22.09
2022-02-03,,,,0.63,24.35
2022-02-04,,,,0.62,23.22
2022-02-07,,,,0.62,22.86
2022-02-08,,,,0.61,21.44
2022-02-09,,,,0.58,19.96
2022-02-10,,,,0.42,23.91
2022-02-11,,,,0.42,27.36
2022-02-14,,,,0.4,28.33
2022-02-15,,,,0.47,25.7
2022-02-16,,,,0.51,24.29
2022-02-17,,,,0.48,28.11
2022-02-18,,,,0.45,27.75
2022-02-21,,,,,
2022-02-22,,,,0.38,28.81
2022-02-23,,,,0.41,31.02
2022-02-24,,,,0.42,30.32
2022-02-25,,,,0.42,27.59
2022-02-28,,,,0.39,30.15
2022-03-01,0.2,287.674,3.7,0.41,33.32
2022-03-02,,,,0.36,30.74
2022-03-03,,,,0.33,30.48
2022-03-04,,,,0.24,31.98
2022-03-07,,,,0.23,36.45
2022-03-08,,,,0.23,35.13
2022-03-09,,,,0.26,32.45
2022-03-10,,,,0.26,30.23
2022-03-11,,,,0.25,30.75
2022-03-14,,,,0.27,31.77
2022-03-15,,,,0.3,29.83
2022-03-16,,,,0.24,26.67
2022-03-17,,,,0.26,25.67
2022-03-18,,,,0.17,23.87
2022-03-21,,,,0.18,23.53
2022-03-22,,,,0.2,22.94
2022-03-23,,,,0.19,23.57
2022-03-24,,,,0.21,21.67
2022-03-25,,,,0.18,20.81
2022-03-28,,,,0.11,19.63
2022-03-29,,,,0.06,18.9
2022-03-30,,,,0.04,19.33
2022-03-31,,,,0.04,20.56
2022-04-01,0.33,288.561,3.7,-0.05,19.63
2022-04-04,,,,-0.01,18.57
2022-04-05,,,,0.03,21.03
2022-04-06,,,,0.11,22.1
2022-04-07,,,,0.19,21.55
2022-04-08,,,,0.19,21.16
2022-04-11,,,,0.29,24.37
2022-04-12,,,,0.33,24.26
2022-04-13,,,,0.33,21.82
2022-04-14,,,,0.36,22.7
2022-04-15,,,,,
2022-04-18,,,,0.39,22.17
2022-04-19,,,,0.32,21.37
2022-04-20,,,,0.25,20.32
2022-04-21,,,,0.22,22.68
2022-04-22,,,,0.18,28.21
2022-04-25,,,,0.18,27.02
2022-04-26,,,,0.23,33.52
2022-04-27,,,,0.24,31.6
2022-04-28,,,,0.22,29.99
2022-04-29,,,,0.19,33.4
2022-05-01,0.77,291.298,3.6,,
2022-05-02,,,,0.26,32.34
2022-05-03,,,,0.19,29.25
2022-05-04,,,,0.27,25.42
2022-05-05,,,,0.34,31.2
2022-05-06,,,,0.4,30.19
2022-05-09,,,,0.44,34.75
2022-05-10,,,,0.37,32.99
2022-05-11,,,,0.25,32.56
2022-05-12,,,,0.28,31.77
2022-05-13,,,,0.32,28.87
2022-05-16,,,,0.3,27.47
2022-05-17,,,,0.27,26.1
2022-05-18,,,,0.21,30.96
2022-05-19,,,,0.21,29.35
2022-05-20,,,,0.18,29.43
2022-05-23,,,,0.21,28.48
2022-05-24,,,,0.26,29.45
2022-05-25,,,,0.27,28.37
2022-05-26,,,,0.29,27.5
2022-05-27,,,,0.27,25.72
2022-05-30,,,,,26.54
2022-05-31,,,,0.32,26.19
2022-06-01,1.21,294.957,3.6,0.28,25.69
2022-06-02,,,,0.27,24.72
2022-06-03,,,,0.3,24.79
2022-06-06,,,,0.31,25.07
2022-06-07,,,,0.23,24.02
2022-06-08,,,,0.25,23.96
2022-06-09,,,,0.21,26.09
2022-06-10,,,,0.09,27.75
2022-06-13,,,,0.03,34.02
2022-06-14,,,,0.04,32.69
2022-06-15,,,,0.13,29.62
2022-06-16,,,,0.14,32.95
2022-06-17,,,,0.08,31.13
2022-06-20,,,,,31.03
2022-06-21,,,,0.1,30.19
2022-06-22,,,,0.1,28.95
2022-06-23,,,,0.08,29.05
2022-06-24,,,,0.09,27.23
2022-06-27,,,,0.12,26.95
2022-06-28,,,,0.1,28.36
2022-06-29,,,,0.04,28.16
2022-06-30,,,,0.06,28.71
2022-07-01,1.68,294.913,3.5,0.04,26.7
2022-07-04,,,,,27.53
2022-07-05,,,,0.0,27.54
2022-07-06,,,,-0.04,26.73
2022-07-07,,,,-0.02,26.08
2022-07-08,,,,-0.03,24.64
2022-07-11,,,,-0.08,26.17
2022-07-12,,,,-0.07,27.29
2022-07-13,,,,-0.22,26.82
2022-07-14,,,,-0.19,26.4
2022-07-15,,,,-0.2,24.23
2022-07-18,,,,-0.19,25.3
2022-07-19,,,,-0.22,24.5
2022-07-20,,,,-0.21,23.88
2022-07-21,,,,-0.19,23.11
2022-07-22,,,,-0.21,23.03
2022-07-25,,,,-0.19,23.36
2022-07-26,,,,-0.21,24.69
2022-07-27,,,,-0.18,23.24
2022-07-28,,,,-0.17,22.33
2022-07-29,,,,-0.22,21.33
2022-08-01,2.33,295.097,3.6,-0.3,22.84
2022-08-02,,,,-0.31,23.93
2022-08-03,,,,-0.37,21.95
2022-08-04,,,,-0.35,21.44
2022-08-05,,,,-0.41,21.15
2022-08-08,,,,-0.44,21.29
2022-08-09,,,,-0.48,21.77
2022-08-10,,,,-0.45,19.74
2022-08-11,,,,-0.36,20.2
2022-08-12,,,,-0.41,19.53
2022-08-15,,,,-0.41,19.95
2022-08-16,,,,-0.43,19.69
2022-08-17,,,,-0.39,19.9
2022-08-18,,,,-0.34,19.56
2022-08-19,,,,-0.27,20.6
2022-08-22,,,,-0.29,23.8
2022-08-23,,,,-0.24,24.11
2022-08-24,,,,-0.25,22.82
2022-08-25,,,,-0.32,21.78
2022-08-26,,,,-0.33,25.56
2022-08-29,,,,-0.3,26.21
2022-08-30,,,,-0.35,26.21
2022-08-31,,,,-0.3,25.87
2022-09-01,2.56,296.349,3.5,-0.25,25.56
2022-09-02,,,,-0.2,25.47
2022-09-05,,,,,25.99
2022-09-06,,,,-0.17,26.91
2022-09-07,,,,-0.18,24.64
2022-09-08,,,,-0.19,23.61
2022-09-09,,,,-0.23,22.79
2022-09-12,,,,-0.21,23.87
2022-09-13,,,,-0.33,27.27
2022-09-14,,,,-0.37,26.16
2022-09-15,,,,-0.42,26.27
2022-09-16,,,,-0.4,26.3
2022-09-19,,,,-0.46,25.76
2022-09-20,,,,-0.39,27.16
2022-09-21,,,,-0.51,27.99
2022-09-22,,,,-0.41,27.35
2022-09-23,,,,-0.51,29.92
2022-09-26,,,,-0.39,32.26
2022-09-27,,,,-0.33,32.6
2022-09-28,,,,-0.35,30.18
2022-09-29,,,,-0.4,31.84
2022-09-30,,,,-0.39,31.62
2022-10-01,3.08,298.007,3.6,,
2022-10-03,,,,-0.45,30.1
2022-10-04,,,,-0.48,29.07
2022-10-05,,,,-0.39,28.55
2022-10-06,,,,-0.4,30.52
2022-10-07,,,,-0.41,31.36
2022-10-10,,,,,32.45
2022-10-11,,,,-0.37,33.63
2022-10-12,,,,-0.37,33.57
2022-10-13,,,,-0.5,31.94
2022-10-14,,,,-0.48,32.02
2022-10-17,,,,-0.43,31.37
2022-10-18,,,,-0.42,30.5
2022-10-19,,,,-0.41,30.76
2022-10-20,,,,-0.38,29.98
2022-10-21,,,,-0.28,29.69
2022-10-24,,,,-0.25,29.85
2022-10-25,,,,-0.32,28.46
2022-10-26,,,,-0.35,27.28
2022-10-27,,,,-0.34,27.39
2022-10-28,,,,-0.39,25.75
2022-10-31,,,,-0.41,25.88
2022-11-01,3.78,298.786,3.6,-0.47,25.81
2022-11-02,,,,-0.51,25.86
2022-11-03,,,,-0.57,25.3
2022-11-04,,,,-0.49,24.55
2022-11-07,,,,-0.5,24.35
2022-11-08,,,,-0.53,25.54
2022-11-09,,,,-0.49,26.09
2022-11-10,,,,-0.52,23.53
2022-11-11,,,,,22.52
2022-11-14,,,,-0.52,23.73
2022-11-15,,,,-0.57,24.54
2022-11-16,,,,-0.68,24.11
2022-11-17,,,,-0.66,23.93
2022-11-18,,,,-0.69,23.12
2022-11-21,,,,-0.65,22.36
2022-11-22,,,,-0.71,21.29
2022-11-23,,,,-0.75,20.35
2022-11-24,,,,,20.42
2022-11-25,,,,-0.74,20.5
2022-11-28,,,,-0.77,22.21
2022-11-29,,,,-0.73,21.89
2022-11-30,,,,-0.7,20.58
2022-12-01,4.1,298.832,3.5,-0.72,19.84
2022-12-02,,,,-0.77,19.06
2022-12-05,,,,-0.81,20.75
2022-12-06,,,,-0.83,22.17
2022-12-07,,,,-0.84,22.68
2022-12-08,,,,-0.83,22.29
2022-12-09,,,,-0.76,22.83
2022-12-12,,,,-0.78,25.0
2022-12-13,,,,-0.71,22.55
2022-12-14,,,,-0.74,21.14
2022-12-15,,,,-0.79,22.83
2022-12-16,,,,-0.69,22.62
2022-12-19,,,,-0.68,22.42
2022-12-20,,,,-0.56,21.48
2022-12-21,,,,-0.53,20.07
2022-12-22,,,,-0.57,21.97
2022-12-23,,,,-0.56,20.87
2022-12-26,,,,,
2022-12-27,,,,-0.48,21.65
2022-12-28,,,,-0.43,22.14
2022-12-29,,,,-0.51,21.44
2022-12-30,,,,-0.53,21.67
2023-01-01,4.33,300.42,3.5,,
2023-01-02,,,,,
2023-01-03,,,,-0.61,22.9
2023-01-04,,,,-0.67,22.01
2023-01-05,,,,-0.74,22.46
2023-01-06,,,,-0.69,21.13
2023-01-09,,,,-0.66,21.97
2023-01-10,,,,-0.63,20.58
2023-01-11,,,,-0.66,21.09
2023-01-12,,,,-0.69,18.83
2023-01-13,,,,-0.73,18.35
2023-01-16,,,,,19.49
2023-01-17,,,,-0.65,19.36
2023-01-18,,,,-0.69,20.34
2023-01-19,,,,-0.7,20.52
2023-01-20,,,,-0.66,19.85
2023-01-23,,,,-0.69,19.81
2023-01-24,,,,-0.66,19.2
2023-01-25,,,,-0.65,19.08
2023-01-26,,,,-0.68,18.73
2023-01-27,,,,-0.67,18.51
2023-01-30,,,,-0.7,19.94
2023-01-31,,,,-0.69,19.4
2023-02-01,4.57,301.45,3.6,-0.7,17.87
2023-02-02,,,,-0.69,18.73
2023-02-03,,,,-0.77,18.33
2023-02-06,,,,-0.81,19.43
2023-02-07,,,,-0.8,18.66
2023-02-08,,,,-0.82,19.63
2023-02-09,,,,-0.81,20.71
2023-02-10,,,,-0.76,20.53
2023-02-13,,,,-0.8,20.34
2023-02-14,,,,-0.83,18.91
2023-02-15,,,,-0.81,18.23
2023-02-16,,,,-0.76,20.17
2023-02-17,,,,-0.78,20.02
2023-02-20,,,,,21.23
2023-02-21,,,,-0.72,22.87
2023-02-22,,,,-0.73,22.29
2023-02-23,,,,-0.78,21.14
2023-02-24,,,,-0.83,21.67
2023-02-27,,,,-0.86,20.95
2023-02-28,,,,-0.89,20.7
2023-03-01,4.65,301.821,3.5,-0.88,20.58
2023-03-02,,,,-0.81,19.59
2023-03-03,,,,-0.89,18.49
2023-03-06,,,,-0.91,18.61
2023-03-07,,,,-1.03,19.59
2023-03-08,,,,-1.07,19.11
2023-03-09,,,,-0.97,22.61
2023-03-10,,,,-0.9,24.8
2023-03-13,,,,-0.48,26.52
2023-03-14,,,,-0.56,23.73
2023-03-15,,,,-0.42,26.14
2023-03-16,,,,-0.58,22.99
2023-03-17,,,,-0.42,25.51
2023-03-20,,,,-0.45,24.15
2023-03-21,,,,-0.58,21.38
2023-03-22,,,,-0.48,22.26
2023-03-23,,,,-0.38,22.61
2023-03-24,,,,-0.38,21.74
2023-03-27,,,,-0.41,20.6
2023-03-28,,,,-0.47,19.97
2023-03-29,,,,-0.51,19.12
2023-03-30,,,,-0.55,19.02
2023-03-31,,,,-0.58,18.7
2023-04-01,4.83,302.845,3.4,,
2023-04-03,,,,-0.54,18.55
2023-04-04,,,,-0.49,19.0
2023-04-05,,,,-0.49,19.08
2023-04-06,,,,-0.52,18.4
2023-04-07,,,,-0.58,
2023-04-10,,,,-0.59,18.97
2023-04-11,,,,-0.6,19.1
2023-04-12,,,,-0.54,19.09
2023-04-13,,,,-0.51,17.8
2023-04-14,,,,-0.56,17.07
2023-04-17,,,,-0.58,16.95
2023-04-18,,,,-0.61,16.83
2023-04-19,,,,-0.64,16.46
2023-04-20,,,,-0.6,17.17
2023-04-21,,,,-0.6,16.77
2023-04-24,,,,-0.6,16.89
2023-04-25,,,,-0.46,18.76
2023-04-26,,,,-0.47,18.84
2023-04-27,,,,-0.54,17.03
2023-04-28,,,,-0.6,15.78
2023-05-01,5.06,303.334,3.6,-0.55,16.08
2023-05-02,,,,-0.53,17.78
2023-05-03,,,,-0.51,18.34
2023-05-04,,,,-0.38,20.09
2023-05-05,,,,-0.48,17.19
2023-05-08,,,,-0.48,16.98
2023-05-09,,,,-0.48,17.71
2023-05-10,,,,-0.47,16.94
2023-05-11,,,,-0.5,16.93
2023-05-12,,,,-0.52,17.03
2023-05-15,,,,-0.49,17.12
2023-05-16,,,,-0.52,17.99
2023-05-17,,,,-0.55,16.87
2023-05-18,,,,-0.59,16.05
2023-05-19,,,,-0.58,16.81
2023-05-22,,,,-0.57,17.21
2023-05-23,,,,-0.56,18.53
2023-05-24,,,,-0.58,20.03
2023-05-25,,,,-0.67,19.14
2023-05-26,,,,-0.74,17.95
2023-05-29,,,,,17.46
2023-05-30,,,,-0.77,17.46
2023-05-31,,,,-0.76,17.94
2023-06-01,5.08,304.014,3.6,-0.72,15.65
2023-06-02,,,,-0.81,14.6
2023-06-05,,,,-0.77,14.73
2023-06-06,,,,-0.81,13.96
2023-06-07,,,,-0.77,13.94
2023-06-08,,,,-0.79,13.65
2023-06-09,,,,-0.84,13.83
2023-06-12,,,,-0.82,15.01
2023-06-13,,,,-0.83,14.61
2023-06-14,,,,-0.91,13.88
2023-06-15,,,,-0.9,14.5
2023-06-16,,,,-0.93,13.54
2023-06-19,,,,,14.19
2023-06-20,,,,-0.94,13.88
2023-06-21,,,,-0.96,13.2
2023-06-22,,,,-0.97,12.91
2023-06-23,,,,-0.97,13.44
2023-06-26,,,,-0.93,14.25
2023-06-27,,,,-0.97,13.74
2023-06-28,,,,-1.0,13.43
2023-06-29,,,,-1.02,13.54
2023-06-30,,,,-1.06,13.59
2023-07-01,5.12,304.609,3.5,,
2023-07-03,,,,-1.08,13.57
2023-07-04,,,,,13.7
2023-07-05,,,,-0.99,14.18
2023-07-06,,,,-0.94,15.44
2023-07-07,,,,-0.88,14.83
2023-07-10,,,,-0.84,15.07
2023-07-11,,,,-0.89,14.84
2023-07-12,,,,-0.86,13.54
2023-07-13,,,,-0.83,13.61
2023-07-14,,,,-0.91,13.34
2023-07-17,,,,-0.93,13.48
2023-07-18,,,,-0.94,13.3
2023-07-19,,,,-0.99,13.76
2023-07-20,,,,-0.95,13.99
2023-07-21,,,,-0.98,13.6
2023-07-24,,,,-0.95,13.91
2023-07-25,,,,-0.94,13.86
2023-07-26,,,,-0.96,13.19
2023-07-27,,,,-0.9,14.41
2023-07-28,,,,-0.91,13.33
2023-07-31,,,,-0.91,13.63
2023-08-01,5.33,306.082,3.7,-0.87,13.93
2023-08-02,,,,-0.8,16.09
2023-08-03,,,,-0.7,15.92
2023-08-04,,,,-0.73,17.1
2023-08-07,,,,-0.67,15.77
2023-08-08,,,,-0.72,15.99
2023-08-09,,,,-0.79,15.96
2023-08-10,,,,-0.73,15.85
2023-08-11,,,,-0.73,14.84
2023-08-14,,,,-0.77,14.82
2023-08-15,,,,-0.71,16.46
2023-08-16,,,,-0.69,16.78
2023-08-17,,,,-0.64,17.89
2023-08-18,,,,-0.66,17.3
2023-08-21,,,,-0.63,17.13
2023-08-22,,,,-0.68,16.97
2023-08-23,,,,-0.76,15.98
2023-08-24,,,,-0.75,17.2
2023-08-25,,,,-0.78,15.68
2023-08-28,,,,-0.78,15.08
2023-08-29,,,,-0.75,14.45
2023-08-30,,,,-0.78,13.88
2023-08-31,,,,-0.76,13.57
2023-09-01,5.33,307.276,3.7,-0.69,13.09
2023-09-04,,,,,13.82
2023-09-05,,,,-0.67,14.01
2023-09-06,,,,-0.71,14.45
2023-09-07,,,,-0.67,14.4
2023-09-08,,,,-0.72,13.84
2023-09-11,,,,-0.68,13.8
2023-09-12,,,,-0.71,14.23
2023-09-13,,,,-0.71,13.48
2023-09-14,,,,-0.71,12.82
2023-09-15,,,,-0.69,13.79
2023-09-18,,,,-0.73,14.0
2023-09-19,,,,-0.71,14.11
2023-09-20,,,,-0.77,15.14
2023-09-21,,,,-0.63,17.54
2023-09-22,,,,-0.66,17.2
2023-09-25,,,,-0.54,16.9
2023-09-26,,,,-0.48,18.94
2023-09-27,,,,-0.49,18.22
2023-09-28,,,,-0.45,17.34
2023-09-29,,,,-0.44,17.52
2023-10-01,5.33,307.696,3.9,,
2023-10-02,,,,-0.43,17.61
2023-10-03,,,,-0.34,19.78
2023-10-04,,,,-0.32,18.58
2023-10-05,,,,-0.31,18.49
2023-10-06,,,,-0.3,17.45
2023-10-09,,,,,17.7
2023-10-10,,,,-0.3,17.03
2023-10-11,,,,-0.41,16.09
2023-10-12,,,,-0.36,16.69
2023-10-13,,,,-0.41,19.32
2023-10-16,,,,-0.38,17.21
2023-10-17,,,,-0.36,17.88
2023-10-18,,,,-0.28,19.22
2023-10-19,,,,-0.16,21.4
2023-10-20,,,,-0.14,21.71
2023-10-23,,,,-0.19,20.37
2023-10-24,,,,-0.19,18.97
2023-10-25,,,,-0.13,20.19
2023-10-26,,,,-0.16,20.68
2023-10-27,,,,-0.15,21.27
2023-10-30,,,,-0.15,19.75
2023-10-31,,,,-0.19,18.14
2023-11-01,5.33,308.148,3.7,-0.18,16.87
2023-11-02,,,,-0.31,15.66
2023-11-03,,,,-0.26,14.91
2023-11-06,,,,-0.26,14.89
2023-11-07,,,,-0.33,14.81
2023-11-08,,,,-0.44,14.45
2023-11-09,,,,-0.41,15.29
2023-11-10,,,,-0.43,14.17
2023-11-13,,,,-0.39,14.76
2023-11-14,,,,-0.36,14.16
2023-11-15,,,,-0.37,14.18
2023-11-16,,,,-0.38,14.32
2023-11-17,,,,-0.44,13.8
2023-11-20,,,,-0.47,13.41
2023-11-21,,,,-0.45,13.35
2023-11-22,,,,-0.47,12.85
2023-11-23,,,,,12.8
2023-11-24,,,,-0.45,12.46
2023-11-27,,,,-0.45,12.69
2023-11-28,,,,-0.39,12.69
2023-11-29,,,,-0.37,12.98
2023-11-30,,,,-0.36,12.92
2023-12-01,5.33,308.741,3.8,-0.34,12.63
2023-12-04,,,,-0.36,13.08
2023-12-05,,,,-0.39,12.85
2023-12-06,,,,-0.48,12.97
2023-12-07,,,,-0.44,13.06
2023-12-08,,,,-0.48,12.35
2023-12-11,,,,-0.48,12.63
2023-12-12,,,,-0.53,12.07
2023-12-13,,,,-0.42,12.19
2023-12-14,,,,-0.45,12.48
2023-12-15,,,,-0.53,12.28
2023-12-18,,,,-0.48,12.56
2023-12-19,,,,-0.48,12.53
2023-12-20,,,,-0.48,13.67
2023-12-21,,,,-0.44,13.65
2023-12-22,,,,-0.41,13.03
2023-12-25,,,,,
2023-12-26,,,,-0.37,12.99
2023-12-27,,,,-0.41,12.43
2023-12-28,,,,-0.42,12.47
2023-12-29,,,,-0.35,12.45
2024-01-01,5.33,309.698,3.7,,
2024-01-02,,,,-0.38,13.2
2024-01-03,,,,-0.42,14.04
2024-01-04,,,,-0.39,14.13
2024-01-05,,,,-0.35,13.35
2024-01-08,,,,-0.35,13.08
2024-01-09,,,,-0.34,12.76
2024-01-10,,,,-0.33,12.69
2024-01-11,,,,-0.28,12.44
2024-01-12,,,,-0.18,12.7
2024-01-15,,,,,13.25
2024-01-16,,,,-0.15,13.84
2024-01-17,,,,-0.24,14.79
2024-01-18,,,,-0.2,14.13
2024-01-19,,,,-0.24,13.3
2024-01-22,,,,-0.26,13.19
2024-01-23,,,,-0.17,12.55
2024-01-24,,,,-0.16,13.14
2024-01-25,,,,-0.14,13.45
2024-01-26,,,,-0.19,13.26
2024-01-29,,,,-0.21,13.6
2024-01-30,,,,-0.3,13.31
2024-01-31,,,,-0.28,14.35
2024-02-01,5.33,310.967,3.9,-0.33,13.88
2024-02-02,,,,-0.33,13.85
2024-02-05,,,,-0.29,13.67
2024-02-06,,,,-0.3,13.06
2024-02-07,,,,-0.32,12.83
2024-02-08,,,,-0.31,12.79
2024-02-09,,,,-0.31,12.93
2024-02-12,,,,-0.29,13.93
2024-02-13,,,,-0.33,15.85
2024-02-14,,,,-0.29,14.38
2024-02-15,,,,-0.32,14.01
2024-02-16,,,,-0.34,14.24
2024-02-19,,,,,14.71
2024-02-20,,,,-0.32,15.42
2024-02-21,,,,-0.32,15.34
2024-02-22,,,,-0.36,14.54
2024-02-23,,,,-0.41,13.75
2024-02-26,,,,-0.41,13.74
2024-02-27,,,,-0.39,13.43
2024-02-28,,,,-0.37,13.84
2024-02-29,,,,-0.39,13.4
2024-03-01,5.33,312.345,3.9,-0.35,13.11
2024-03-04,,,,-0.39,13.49
2024-03-05,,,,-0.41,14.46
2024-03-06,,,,-0.44,14.5
2024-03-07,,,,-0.41,14.44
2024-03-08,,,,-0.39,14.74
2024-03-11,,,,-0.41,15.22
2024-03-12,,,,-0.42,13.84
2024-03-13,,,,-0.42,13.75
2024-03-14,,,,-0.39,14.4
2024-03-15,,,,-0.41,14.41
2024-03-18,,,,-0.39,14.33
2024-03-19,,,,-0.38,13.82
2024-03-20,,,,-0.32,13.04
2024-03-21,,,,-0.35,12.92
2024-03-22,,,,-0.37,13.06
2024-03-25,,,,-0.29,13.19
2024-03-26,,,,-0.32,13.24
2024-03-27,,,,-0.34,12.78
2024-03-28,,,,-0.39,13.01
2024-03-29,,,,,
2024-04-01,5.33,313.023,3.9,-0.39,13.65
2024-04-02,,,,-0.34,14.61
2024-04-03,,,,-0.32,14.33
2024-04-04,,,,-0.34,16.35
2024-04-05,,,,-0.34,16.03
2024-04-08,,,,-0.36,15.19
2024-04-09,,,,-0.38,14.98
2024-04-10,,,,-0.42,15.8
2024-04-11,,,,-0.37,14.91
2024-04-12,,,,-0.38,17.31
2024-04-15,,,,-0.3,19.23
2024-04-16,,,,-0.3,18.4
2024-04-17,,,,-0.34,18.21
2024-04-18,,,,-0.34,18.0
2024-04-19,,,,-0.35,18.71
2024-04-22,,,,-0.35,16.94
2024-04-23,,,,-0.25,15.69
2024-04-24,,,,-0.24,15.97
2024-04-25,,,,-0.26,15.37
2024-04-26,,,,-0.29,15.03
2024-04-29,,,,-0.34,14.67
2024-04-30,,,,-0.35,15.65
2024-05-01,5.33,313.175,3.9,-0.33,15.39
2024-05-02,,,,-0.29,14.68
2024-05-03,,,,-0.31,13.49
2024-05-06,,,,-0.33,13.49
2024-05-07,,,,-0.35,13.23
2024-05-08,,,,-0.36,13.0
2024-05-09,,,,-0.35,12.69
2024-05-10,,,,-0.37,12.55
2024-05-13,,,,-0.37,13.6
2024-05-14,,,,-0.36,13.42
2024-05-15,,,,-0.37,12.45
2024-05-16,,,,-0.4,12.42
2024-05-17,,,,-0.41,11.99
2024-05-20,,,,-0.38,12.15
2024-05-21,,,,-0.41,11.86
2024-05-22,,,,-0.43,12.29
2024-05-23,,,,-0.44,12.77
2024-05-24,,,,-0.47,11.93
2024-05-27,,,,,12.36
2024-05-28,,,,-0.4,12.92
2024-05-29,,,,-0.35,14.28
2024-05-30,,,,-0.37,14.47
2024-05-31,,,,-0.38,12.92
2024-06-01,5.33,313.044,4.1,,
2024-06-03,,,,-0.41,13.11
2024-06-04,,,,-0.44,13.16
2024-06-05,,,,-0.43,12.63
2024-06-06,,,,-0.44,12.58
2024-06-07,,,,-0.44,12.22
2024-06-10,,,,-0.4,12.74
2024-06-11,,,,-0.42,12.85
2024-06-12,,,,-0.44,12.04
2024-06-13,,,,-0.44,11.94
2024-06-14,,,,-0.47,12.66
2024-06-17,,,,-0.47,12.75
2024-06-18,,,,-0.47,12.3
2024-06-19,,,,,12.48
2024-06-20,,,,-0.45,13.28
2024-06-21,,,,-0.45,13.2
2024-06-24,,,,-0.46,13.33
2024-06-25,,,,-0.42,12.84
2024-06-26,,,,-0.39,12.55
2024-06-27,,,,-0.41,12.24
2024-06-28,,,,-0.35,12.44
2024-07-01,5.33,313.569,4.2,-0.29,12.22
2024-07-02,,,,-0.31,12.03
2024-07-03,,,,-0.35,12.09
2024-07-04,,,,,12.26
2024-07-05,,,,-0.32,12.48
2024-07-08,,,,-0.34,12.37
2024-07-09,,,,-0.32,12.51
2024-07-10,,,,-0.34,12.85
2024-07-11,,,,-0.3,12.92
2024-07-12,,,,-0.27,12.46
2024-07-15,,,,-0.21,13.12
2024-07-16,,,,-0.26,13.19
2024-07-17,,,,-0.26,14.48
2024-07-18,,,,-0.26,15.93
2024-07-19,,,,-0.24,16.52
2024-07-22,,,,-0.24,14.91
2024-07-23,,,,-0.15,14.72
2024-07-24,,,,-0.09,18.04
2024-07-25,,,,-0.14,18.46
2024-07-26,,,,-0.16,16.39
2024-07-29,,,,-0.19,16.6
2024-07-30,,,,-0.2,17.69
2024-07-31,,,,-0.2,16.36
2024-08-01,5.33,314.062,4.2,-0.17,18.59
2024-08-02,,,,-0.08,23.39
2024-08-05,,,,-0.11,38.57
2024-08-06,,,,-0.09,27.71
2024-08-07,,,,-0.04,27.85
2024-08-08,,,,-0.05,23.79
2024-08-09,,,,-0.11,20.37
2024-08-12,,,,-0.11,20.71
2024-08-13,,,,-0.08,18.12
2024-08-14,,,,-0.11,16.19
2024-08-15,,,,-0.16,15.23
2024-08-16,,,,-0.17,14.8
2024-08-19,,,,-0.2,14.65
2024-08-20,,,,-0.17,15.88
2024-08-21,,,,-0.13,16.27
2024-08-22,,,,-0.13,17.55
2024-08-23,,,,-0.09,15.86
2024-08-26,,,,-0.09,16.15
2024-08-27,,,,0.0,15.43
2024-08-28,,,,0.01,17.11
2024-08-29,,,,0.0,15.65
2024-08-30,,,,0.0,15.0
2024-09-01,5.13,314.732,4.1,,
2024-09-02,,,,,15.55
2024-09-03,,,,-0.04,20.72
2024-09-04,,,,0.01,21.32
2024-09-05,,,,-0.02,19.9
2024-09-06,,,,0.06,22.38
2024-09-09,,,,0.02,19.45
2024-09-10,,,,0.06,19.08
2024-09-11,,,,0.03,17.69
2024-09-12,,,,0.04,17.07
2024-09-13,,,,0.09,16.56
2024-09-16,,,,0.07,17.14
2024-09-17,,,,0.06,17.61
2024-09-18,,,,0.09,18.23
2024-09-19,,,,0.14,16.33
2024-09-20,,,,0.18,16.15
2024-09-23,,,,0.18,15.89
2024-09-24,,,,0.25,15.39
2024-09-25,,,,0.26,15.41
2024-09-26,,,,0.19,15.37
2024-09-27,,,,0.2,16.96
2024-09-30,,,,0.15,16.73
2024-10-01,4.83,315.631,4.1,0.13,19.26
2024-10-02,,,,0.16,18.9
2024-10-03,,,,0.15,20.49
2024-10-04,,,,0.05,19.21
2024-10-07,,,,0.04,22.64
2024-10-08,,,,0.06,21.42
2024-10-09,,,,0.07,20.86
2024-10-10,,,,0.11,20.93
2024-10-11,,,,0.13,20.46
2024-10-14,,,,,19.7
2024-10-15,,,,0.08,20.64
2024-10-16,,,,0.09,19.58
2024-10-17,,,,0.13,19.11
2024-10-18,,,,0.13,18.03
2024-10-21,,,,0.17,18.37
2024-10-22,,,,0.17,18.2
2024-10-23,,,,0.17,19.24
2024-10-24,,,,0.14,19.08
2024-10-25,,,,0.14,20.33
2024-10-28,,,,0.16,19.8
2024-10-29,,,,0.17,19.34
2024-10-30,,,,0.14,20.35
2024-10-31,,,,0.12,23.16
2024-11-01,4.64,316.528,4.2,0.16,21.88
2024-11-04,,,,0.14,21.98
2024-11-05,,,,0.07,20.49
2024-11-06,,,,0.15,16.27
2024-11-07,,,,0.1,15.2
2024-11-08,,,,0.04,14.94
2024-11-11,,,,,14.97
2024-11-12,,,,0.09,14.71
2024-11-13,,,,0.17,14.02
2024-11-14,,,,0.09,14.31
2024-11-15,,,,0.12,16.14
2024-11-18,,,,0.13,15.58
2024-11-19,,,,0.12,16.35
2024-11-20,,,,0.1,17.16
2024-11-21,,,,0.09,16.87
2024-11-22,,,,0.04,15.24
2024-11-25,,,,0.06,14.6
2024-11-26,,,,0.09,14.1
2024-11-27,,,,0.06,14.1
2024-11-28,,,,,13.9
2024-11-29,,,,0.05,13.51
2024-12-01,4.48,317.604,4.1,,
2024-12-02,,,,0.02,13.34
2024-12-03,,,,0.06,13.3
2024-12-04,,,,0.06,13.45
2024-12-05,,,,0.02,13.54
2024-12-06,,,,0.05,12.77
2024-12-09,,,,0.07,14.19
2024-12-10,,,,0.07,14.18
2024-12-11,,,,0.11,13.58
2024-12-12,,,,0.14,13.92
2024-12-13,,,,0.15,13.81
2024-12-16,,,,0.14,14.69
2024-12-17,,,,0.15,15.87
2024-12-18,,,,0.15,27.62
2024-12-19,,,,0.25,24.09
2024-12-20,,,,0.22,18.36
2024-12-23,,,,0.29,16.78
2024-12-24,,,,0.3,14.27
2024-12-25,,,,,
2024-12-26,,,,0.28,14.73
2024-12-27,,,,0.31,15.95
2024-12-30,,,,0.31,17.4
2024-12-31,,,,0.33,17.35
2025-01-01,4.33,318.961,4.0,,
2025-01-02,,,,0.32,17.93
2025-01-03,,,,0.32,16.13
2025-01-06,,,,0.34,16.04
2025-01-07,,,,0.37,17.82
2025-01-08,,,,0.39,17.7
2025-01-09,,,,0.41,18.07
2025-01-10,,,,0.37,19.54
2025-01-13,,,,0.39,19.19
2025-01-14,,,,0.41,18.71
2025-01-15,,,,0.39,16.12
2025-01-16,,,,0.38,16.6
2025-01-17,,,,0.34,15.97
2025-01-20,,,,,15.81
2025-01-21,,,,0.28,15.06
2025-01-22,,,,0.31,15.1
2025-01-23,,,,0.36,15.02
2025-01-24,,,,0.36,14.85
2025-01-27,,,,0.36,17.9
2025-01-28,,,,0.36,16.41
2025-01-29,,,,0.34,16.56
2025-01-30,,,,0.34,15.84
2025-01-31,,,,0.36,16.43
2025-02-01,4.33,319.679,4.2,,
2025-02-03,,,,0.28,18.62
2025-02-04,,,,0.31,17.21
2025-02-05,,,,0.26,15.77
2025-02-06,,,,0.24,15.5
2025-02-07,,,,0.2,16.54
2025-02-10,,,,0.23,15.81
2025-02-11,,,,0.25,16.02
2025-02-12,,,,0.26,15.89
2025-02-13,,,,0.21,15.1
2025-02-14,,,,0.21,14.77
2025-02-17,,,,,15.37
2025-02-18,,,,0.26,15.35
2025-02-19,,,,0.25,15.27
2025-02-20,,,,0.22,15.66
2025-02-21,,,,0.23,18.21
2025-02-24,,,,0.27,18.98
2025-02-25,,,,0.23,19.43
2025-02-26,,,,0.2,19.1
2025-02-27,,,,0.22,21.13
2025-02-28,,,,0.25,19.63
2025-03-01,4.33,319.785,4.2,,
2025-03-03,,,,0.2,22.78
2025-03-04,,,,0.26,23.51
2025-03-05,,,,0.29,21.93
2025-03-06,,,,0.33,24.87
2025-03-07,,,,0.33,23.37
2025-03-10,,,,0.33,27.86
2025-03-11,,,,0.34,26.92
2025-03-12,,,,0.31,24.23
2025-03-13,,,,0.33,24.66
2025-03-14,,,,0.29,21.77
2025-03-17,,,,0.25,20.51
2025-03-18,,,,0.25,21.7
2025-03-19,,,,0.26,19.9
2025-03-20,,,,0.29,19.8
2025-03-21,,,,0.31,19.28
2025-03-24,,,,0.3,17.48
2025-03-25,,,,0.35,17.15
2025-03-26,,,,0.37,18.33
2025-03-27,,,,0.41,18.69
2025-03-28,,,,0.38,21.65
2025-03-31,,,,0.34,22.28
2025-04-01,4.33,320.302,4.2,0.3,21.77
2025-04-02,,,,0.29,21.51
2025-04-03,,,,0.35,30.02
2025-04-04,,,,0.33,45.31
2025-04-07,,,,0.42,46.98
2025-04-08,,,,0.55,52.33
2025-04-09,,,,0.43,33.62
2025-04-10,,,,0.56,40.72
2025-04-11,,,,0.52,37.56
2025-04-14,,,,0.54,30.89
2025-04-15,,,,0.51,30.12
2025-04-16,,,,0.52,32.64
2025-04-17,,,,0.53,29.65
2025-04-18,,,,,
2025-04-21,,,,0.67,33.82
2025-04-22,,,,0.65,30.57
2025-04-23,,,,0.59,28.45
2025-04-24,,,,0.55,26.47
2025-04-25,,,,0.55,24.84
2025-04-28,,,,0.56,25.15
2025-04-29,,,,0.54,24.17
2025-04-30,,,,0.57,24.7
2025-05-01,4.33,320.62,4.3,0.55,24.6
2025-05-02,,,,0.5,22.68
2025-05-05,,,,0.53,23.64
2025-05-06,,,,0.52,24.76
2025-05-07,,,,0.48,23.55
2025-05-08,,,,0.47,22.48
2025-05-09,,,,0.49,21.9
2025-05-12,,,,0.47,18.39
2025-05-13,,,,0.47,18.22
2025-05-14,,,,0.48,18.62
2025-05-15,,,,0.49,17.83
2025-05-16,,,,0.45,17.24
2025-05-19,,,,0.49,18.14
2025-05-20,,,,0.51,18.09
2025-05-21,,,,0.58,20.87
2025-05-22,,,,0.54,20.28
2025-05-23,,,,0.51,22.29
2025-05-26,,,,,20.57
2025-05-27,,,,0.51,18.96
2025-05-28,,,,0.51,19.31
2025-05-29,,,,0.51,19.18
2025-05-30,,,,0.52,18.57
2025-06-01,4.33,321.435,4.1,,
2025-06-02,,,,0.52,18.36
2025-06-03,,,,0.5,17.69
2025-06-04,,,,0.5,17.61
2025-06-05,,,,0.48,18.48
2025-06-06,,,,0.47,16.77
2025-06-09,,,,0.48,17.16
2025-06-10,,,,0.46,16.95
2025-06-11,,,,0.47,17.26
2025-06-12,,,,0.46,18.02
2025-06-13,,,,0.45,20.82
2025-06-16,,,,0.49,19.11
2025-06-17,,,,0.45,21.6
2025-06-18,,,,0.44,20.14
2025-06-19,,,,,22.17
2025-06-20,,,,0.48,20.62
2025-06-23,,,,0.5,19.83
2025-06-24,,,,0.55,17.48
2025-06-25,,,,0.55,16.76
2025-06-26,,,,0.56,16.59
2025-06-27,,,,0.56,16.32
2025-06-30,,,,0.52,16.73
2025-07-01,4.33,322.169,4.3,0.48,16.83
2025-07-02,,,,0.52,16.64
2025-07-03,,,,0.47,16.38
2025-07-04,,,,,17.48
2025-07-07,,,,0.5,17.79
2025-07-08,,,,0.52,16.81
2025-07-09,,,,0.48,15.94
2025-07-10,,,,0.49,15.78
2025-07-11,,,,0.53,16.4
2025-07-14,,,,0.53,17.2
2025-07-15,,,,0.55,17.38
2025-07-16,,,,0.58,17.16
2025-07-17,,,,0.56,16.52
2025-07-18,,,,0.56,16.41
2025-07-21,,,,0.53,16.65
2025-07-22,,,,0.52,16.5
2025-07-23,,,,0.52,15.37
2025-07-24,,,,0.52,15.39
2025-07-25,,,,0.49,14.93
2025-07-28,,,,0.51,15.03
2025-07-29,,,,0.48,15.98
2025-07-30,,,,0.44,15.48
2025-07-31,,,,0.43,16.72
2025-08-01,4.33,323.291,4.3,0.54,20.38
2025-08-04,,,,0.53,17.52
2025-08-05,,,,0.5,17.85
2025-08-06,,,,0.53,16.77
2025-08-07,,,,0.51,16.57
2025-08-08,,,,0.51,15.15
2025-08-11,,,,0.51,16.25
2025-08-12,,,,0.57,14.73
2025-08-13,,,,0.57,14.49
2025-08-14,,,,0.55,14.83
2025-08-15,,,,0.58,15.09
2025-08-18,,,,0.57,14.99
2025-08-19,,,,0.55,15.57
2025-08-20,,,,0.55,15.69
2025-08-21,,,,0.54,16.6
2025-08-22,,,,0.58,14.22
2025-08-25,,,,0.55,14.79
2025-08-26,,,,0.65,14.62
2025-08-27,,,,0.65,14.85
2025-08-28,,,,0.6,14.43
2025-08-29,,,,0.64,15.36
2025-09-01,4.22,324.245,4.4,,16.12
2025-09-02,,,,0.62,17.17
2025-09-03,,,,0.61,16.35
2025-09-04,,,,0.58,15.3
2025-09-05,,,,0.59,15.18
2025-09-08,,,,0.56,15.11
2025-09-09,,,,0.54,15.04
2025-09-10,,,,0.5,15.35
2025-09-11,,,,0.49,14.71
2025-09-12,,,,0.5,14.76
2025-09-15,,,,0.51,15.69
2025-09-16,,,,0.53,16.36
2025-09-17,,,,0.54,15.72
2025-09-18,,,,0.54,15.7
2025-09-19,,,,0.57,15.45
2025-09-22,,,,0.54,16.1
2025-09-23,,,,0.59,16.64
2025-09-24,,,,0.59,16.18
2025-09-25,,,,0.54,16.74
2025-09-26,,,,0.57,15.29
2025-09-29,,,,0.52,16.12
2025-09-30,,,,0.56,16.28
2025-10-01,4.09,,,0.57,16.29
2025-10-02,,,,0.55,16.63
2025-10-03,,,,0.55,16.65
2025-10-06,,,,0.58,16.37
2025-10-07,,,,0.57,17.24
2025-10-08,,,,0.55,16.3
2025-10-09,,,,0.54,16.43
2025-10-10,,,,0.53,21.66
2025-10-13,,,,,19.03
2025-10-14,,,,0.55,20.81
2025-10-15,,,,0.55,20.64
2025-10-16,,,,0.58,25.31
2025-10-17,,,,0.56,20.78
2025-10-20,,,,0.54,18.23
2025-10-21,,,,0.53,17.87
2025-10-22,,,,0.52,18.6
2025-10-23,,,,0.53,17.3
2025-10-24,,,,0.54,16.37
2025-10-27,,,,0.53,15.79
2025-10-28,,,,0.52,16.42
2025-10-29,,,,0.49,16.92
2025-10-30,,,,0.5,16.91
2025-10-31,,,,0.51,17.44
2025-11-01,3.88,325.063,4.5,,
2025-11-03,,,,0.53,17.17
2025-11-04,,,,0.52,19.0
2025-11-05,,,,0.54,18.01
2025-11-06,,,,0.54,19.5
2025-11-07,,,,0.56,19.08
2025-11-10,,,,0.55,17.6
2025-11-11,,,,,17.28
2025-11-12,,,,0.52,17.51
2025-11-13,,,,0.53,20.0
2025-11-14,,,,0.52,19.83
2025-11-17,,,,0.53,22.38
2025-11-18,,,,0.54,24.69
2025-11-19,,,,0.55,23.66
2025-11-20,,,,0.55,26.42
2025-11-21,,,,0.55,23.43
2025-11-24,,,,0.58,20.52
2025-11-25,,,,0.58,18.56
2025-11-26,,,,0.55,17.19
2025-11-27,,,,,17.21
2025-11-28,,,,0.55,16.35
2025-12-01,3.72,326.031,4.4,0.55,17.24
2025-12-02,,,,0.58,16.59
2025-12-03,,,,0.57,16.08
2025-12-04,,,,0.59,15.78
2025-12-05,,,,0.58,15.41
2025-12-08,,,,0.6,16.66
2025-12-09,,,,0.57,16.93
2025-12-10,,,,0.59,15.77
2025-12-11,,,,0.62,14.85
2025-12-12,,,,0.67,15.74
2025-12-15,,,,0.67,16.5
2025-12-16,,,,0.67,16.48
2025-12-17,,,,0.67,17.62
2025-12-18,,,,0.66,16.87
2025-12-19,,,,0.68,14.91
2025-12-22,,,,0.73,14.08
2025-12-23,,,,0.7,14.0
2025-12-24,,,,0.68,13.47
2025-12-25,,,,,
2025-12-26,,,,0.68,13.6
2025-12-29,,,,0.67,14.2
2025-12-30,,,,0.69,14.33
2025-12-31,,,,0.71,14.95
2026-01-01,3.64,326.588,4.3,,
2026-01-02,,,,0.72,14.51
2026-01-05,,,,0.71,14.9
2026-01-06,,,,0.71,14.75
2026-01-07,,,,0.68,15.38
2026-01-08,,,,0.7,15.45
2026-01-09,,,,0.64,14.49
2026-01-12,,,,0.65,15.12
2026-01-13,,,,0.65,15.98
2026-01-14,,,,0.64,16.75
2026-01-15,,,,0.61,15.84
2026-01-16,,,,0.65,15.86
2026-01-19,,,,,18.84
2026-01-20,,,,0.7,20.09
2026-01-21,,,,0.66,16.9
2026-01-22,,,,0.65,15.64
2026-01-23,,,,0.64,16.09
2026-01-26,,,,0.66,16.15
2026-01-27,,,,0.71,16.35
2026-01-28,,,,0.7,16.35
2026-01-29,,,,0.71,16.88
2026-01-30,,,,0.74,17.44
2026-02-01,3.64,327.46,4.4,,
2026-02-02,,,,0.72,16.34
2026-02-03,,,,0.71,18.0
2026-02-04,,,,0.72,18.64
2026-02-05,,,,0.74,21.77
2026-02-06,,,,0.72,17.76
2026-02-09,,,,0.74,17.36
2026-02-10,,,,0.71,17.79
2026-02-11,,,,0.66,17.65
2026-02-12,,,,0.62,20.82
2026-02-13,,,,0.64,20.6
2026-02-16,,,,,21.2
2026-02-17,,,,0.62,20.29
2026-02-18,,,,0.62,19.62
2026-02-19,,,,0.61,20.23
2026-02-20,,,,0.6,19.09
2026-02-23,,,,0.6,21.01
2026-02-24,,,,0.61,19.55
2026-02-25,,,,0.6,17.93
2026-02-26,,,,0.6,18.63
2026-02-27,,,,0.59,19.86
2026-03-01,3.64,330.293,4.3,,
2026-03-02,,,,0.58,21.44
2026-03-03,,,,0.55,23.57
2026-03-04,,,,0.55,21.15
2026-03-05,,,,0.56,23.75
2026-03-06,,,,0.59,29.49
2026-03-09,,,,0.56,25.5
2026-03-10,,,,0.58,24.93
2026-03-11,,,,0.57,24.23
2026-03-12,,,,0.51,27.29
2026-03-13,,,,0.55,27.19
2026-03-16,,,,0.55,23.51
2026-03-17,,,,0.52,22.37
2026-03-18,,,,0.5,25.09
2026-03-19,,,,0.46,24.06
2026-03-20,,,,0.51,26.78
2026-03-23,,,,0.51,26.15
2026-03-24,,,,0.49,26.95
2026-03-25,,,,0.49,25.33
2026-03-26,,,,0.46,27.44
2026-03-27,,,,0.56,31.05
2026-03-30,,,,0.53,30.61
2026-03-31,,,,0.51,25.25
2026-04-01,,,,0.52,24.54
2026-04-02,,,,0.52,23.87
2026-04-03,,,,0.51,
2026-04-06,,,,0.5,24.17
2026-04-07,,,,0.52,25.78
2026-04-08,,,,0.5,21.04
2026-04-09,,,,0.51,19.49
2026-04-10,,,,0.5,19.23
2026-04-13,,,,0.52,19.12
2026-04-14,,,,0.5,18.36
2026-04-15,,,,0.53,18.17
2026-04-16,,,,0.54,17.94
2026-04-17,,,,0.55,17.48
2026-04-20,,,,0.54,18.87
2026-04-21,,,,0.52,
